date,year,season_game,hometeam,homegoals,awaygoals,awayteam,coach,points,brann_goals,brann_conceded
23.04.1995,1995,1.0,Brann,0,6,Molde FK,Hallvar Thoresen,0,0,6
30.04.1995,1995,2.0,Kongsvinger IL,1,0,Brann,Hallvar Thoresen,0,0,1
03.05.1995,1995,3.0,Brann,1,1,Rosenborg,Hallvar Thoresen,1,1,1
07.05.1995,1995,4.0,Brann,4,1,Strindheim,Hallvar Thoresen,3,4,1
14.05.1995,1995,5.0,Viking FK,2,0,Brann,Hallvar Thoresen,0,0,2
16.05.1995,1995,6.0,Brann,1,1,Lillestrøm SK,Hallvar Thoresen,1,1,1
21.05.1995,1995,7.0,Stabæk Fotball,3,0,Brann,Hallvar Thoresen,0,0,3
28.05.1995,1995,8.0,Brann,4,1,HamKam,Hallvar Thoresen,3,4,1
02.06.1995,1995,9.0,Hødd IL,1,0,Brann,Hallvar Thoresen,0,0,1
11.06.1995,1995,10.0,Brann,4,2,Tromsø IL,Hallvar Thoresen,3,4,2
18.06.1995,1995,11.0,Vålerenga,3,1,Brann,Hallvar Thoresen,0,1,3
25.06.1995,1995,12.0,Brann,0,4,IK Start,Hallvar Thoresen,0,0,4
02.07.1995,1995,13.0,Bodø/Glimt,3,1,Brann,Kjell Tennfjord,0,1,3
16.07.1995,1995,14.0,Brann,4,2,Bodø/Glimt,Kjell Tennfjord,3,4,2
23.07.1995,1995,15.0,IK Start,1,0,Brann,Kjell Tennfjord,0,0,1
30.07.1995,1995,16.0,Brann,2,1,Vålerenga,Kjell Tennfjord,3,2,1
06.08.1995,1995,17.0,Tromsø IL,2,2,Brann,Kjell Tennfjord,1,2,2
20.08.1995,1995,18.0,Brann,1,2,Hødd IL,Kjell Tennfjord,0,1,2
27.08.1995,1995,19.0,HamKam,1,3,Brann,Kjell Tennfjord,3,3,1
02.09.1995,1995,20.0,Brann,1,0,Stabæk Fotball,Kjell Tennfjord,3,1,0
09.09.1995,1995,21.0,Lillestrøm SK,1,3,Brann,Kjell Tennfjord,3,3,1
01.10.1995,1995,22.0,Strindheim,2,2,Brann,Kjell Tennfjord,1,2,2
04.10.1995,1995,23.0,Brann,2,1,Viking FK,Kjell Tennfjord,3,2,1
08.10.1995,1995,24.0,Rosenborg,3,1,Brann,Kjell Tennfjord,0,1,3
15.10.1995,1995,25.0,Brann,1,1,Kongsvinger IL,Kjell Tennfjord,1,1,1
22.10.1995,1995,26.0,Molde FK,4,2,Brann,Kjell Tennfjord,0,2,4
21.04.1996,1996,1.0,Vålerenga,0,2,Brann,Kjell Tennfjord,3,2,0
28.04.1996,1996,2.0,Lillestrøm SK,3,3,Brann,Kjell Tennfjord,1,3,3
01.05.1996,1996,3.0,Brann,1,1,Viking FK,Kjell Tennfjord,1,1,1
05.05.1996,1996,4.0,Rosenborg,10,0,Brann,Kjell Tennfjord,0,0,10
09.05.1996,1996,5.0,Brann,1,1,Moss FK,Kjell Tennfjord,1,1,1
12.05.1996,1996,6.0,IK Start,0,2,Brann,Kjell Tennfjord,3,2,0
16.05.1996,1996,7.0,Brann,1,2,Skeid,Kjell Tennfjord,0,1,2
19.05.1996,1996,8.0,Strømsgodset IF,0,2,Brann,Kjell Tennfjord,3,2,0
27.05.1996,1996,9.0,Brann,2,0,Kongsvinger IL,Kjell Tennfjord,3,2,0
01.06.1996,1996,10.0,Bodø/Glimt,1,3,Brann,Kjell Tennfjord,3,3,1
09.06.1996,1996,11.0,Brann,4,0,Molde FK,Kjell Tennfjord,3,4,0
17.06.1996,1996,12.0,Brann,4,0,Stabæk Fotball,Kjell Tennfjord,3,4,0
30.06.1996,1996,13.0,Stabæk Fotball,4,1,Brann,Kjell Tennfjord,0,1,4
07.07.1996,1996,14.0,Tromsø IL,4,1,Brann,Kjell Tennfjord,0,1,4
14.07.1996,1996,15.0,Brann,2,2,Vålerenga,Kjell Tennfjord,1,2,2
04.08.1996,1996,16.0,Viking FK,3,0,Brann,Kjell Tennfjord,0,0,3
11.08.1996,1996,17.0,Brann,3,3,Rosenborg,Kjell Tennfjord,1,3,3
18.08.1996,1996,18.0,Moss FK,2,1,Brann,Kjell Tennfjord,0,1,2
25.08.1996,1996,19.0,Brann,7,1,IK Start,Kjell Tennfjord,3,7,1
28.08.1996,1996,20.0,Brann,2,2,Lillestrøm SK,Kjell Tennfjord,1,2,2
04.09.1996,1996,21.0,Skeid,1,6,Brann,Kjell Tennfjord,3,6,1
08.09.1996,1996,22.0,Brann,6,2,Strømsgodset IF,Kjell Tennfjord,3,6,2
15.09.1996,1996,23.0,Kongsvinger IL,2,2,Brann,Kjell Tennfjord,1,2,2
29.09.1996,1996,24.0,Brann,2,0,Bodø/Glimt,Kjell Tennfjord,3,2,0
13.10.1996,1996,25.0,Molde FK,3,3,Brann,Kjell Tennfjord,1,3,3
20.10.1996,1996,26.0,Brann,3,3,Tromsø IL,Kjell Tennfjord,1,3,3
13.04.1997,1997,1.0,Rosenborg,1,1,Brann,Kjell Tennfjord,1,1,1
20.04.1997,1997,2.0,Brann,3,1,Bodø / Glimt,Kjell Tennfjord,3,3,1
26.04.1997,1997,3.0,Strømsgodset,0,4,Brann,Kjell Tennfjord,3,4,0
04.05.1997,1997,4.0,Brann,4,2,Skeid,Kjell Tennfjord,3,4,2
08.05.1997,1997,5.0,Molde,0,2,Brann,Kjell Tennfjord,3,2,0
11.05.1997,1997,6.0,Brann,1,4,Viking,Kjell Tennfjord,0,1,4
16.05.1997,1997,7.0,Brann,1,2,Lillestrøm,Kjell Tennfjord,0,1,2
19.05.1997,1997,8.0,Tromsø,3,0,Brann,Kjell Tennfjord,0,0,3
25.05.1997,1997,9.0,Brann,3,1,Kongsvinger,Kjell Tennfjord,3,3,1
01.06.1997,1997,10.0,Brann,0,0,Lyn,Kjell Tennfjord,1,0,0
15.06.1997,1997,11.0,Haugesund,0,1,Brann,Kjell Tennfjord,3,1,0
22.06.1997,1997,12.0,Sogndal,1,0,Brann,Kjell Tennfjord,0,0,1
29.06.1997,1997,13.0,Brann,1,2,Rosenborg,Kjell Tennfjord,0,1,2
02.07.1997,1997,14.0,Brann,5,1,Stabæk,Kjell Tennfjord,3,5,1
06.07.1997,1997,15.0,Bodø / Glimt,0,3,Brann,Kjell Tennfjord,3,3,0
13.07.1997,1997,16.0,Brann,4,1,Strømsgodset,Kjell Tennfjord,3,4,1
27.07.1997,1997,17.0,Skeid,1,1,Brann,Kjell Tennfjord,1,1,1
03.08.1997,1997,18.0,Brann,0,4,Molde,Kjell Tennfjord,0,0,4
09.08.1997,1997,19.0,Viking,0,0,Brann,Kjell Tennfjord,1,0,0
23.08.1997,1997,20.0,Lillestrøm,2,2,Brann,Kjell Tennfjord,1,2,2
31.08.1997,1997,21.0,Brann,4,3,Tromsø,Kjell Tennfjord,3,4,3
14.09.1997,1997,22.0,Kongsvinger,4,6,Brann,Kjell Tennfjord,3,6,4
21.09.1997,1997,23.0,Brann,4,1,Sogndal,Kjell Tennfjord,3,4,1
05.10.1997,1997,24.0,Lyn,1,5,Brann,Kjell Tennfjord,3,5,1
12.10.1997,1997,25.0,Brann,3,2,Haugesund,Kjell Tennfjord,3,3,2
19.10.1997,1997,26.0,Stabæk,0,1,Brann,Kjell Tennfjord,3,1,0
13.04.1998,1998,1.0,Brann,0,1,Moss,Kjell Tennfjord,0,0,1
19.04.1998,1998,2.0,Kongsvinger,2,2,Brann,Kjell Tennfjord,1,2,2
26.04.1998,1998,3.0,Brann,2,2,Molde,Kjell Tennfjord,1,2,2
30.04.1998,1998,4.0,Vålerenga,3,2,Brann,Kjell Tennfjord,0,2,3
04.05.1998,1998,5.0,Brann,0,0,Rosenborg,Kjell Tennfjord,1,0,0
07.05.1998,1998,6.0,Tromsø,1,0,Brann,Kjell Tennfjord,0,0,1
10.05.1998,1998,7.0,Brann,0,1,Strømsgodset,Kjell Tennfjord,0,0,1
16.05.1998,1998,8.0,Brann,1,4,Viking,Kjell Tennfjord,0,1,4
07.06.1998,1998,9.0,Brann,2,2,Haugesund,Kjell Tennfjord,1,2,2
01.07.1998,1998,10.0,Lillestrøm,1,1,Brann,Kjell Tennfjord,1,1,1
05.07.1998,1998,11.0,Sogndal,2,1,Brann,Kjell Tennfjord,0,1,2
09.07.1998,1998,12.0,Brann,2,0,Stabæk,Harald Aabrekk,3,2,0
12.07.1998,1998,13.0,Bodø / Glimt,2,2,Brann,Harald Aabrekk,1,2,2
19.07.1998,1998,14.0,Moss,3,0,Brann,Harald Aabrekk,0,0,3
26.07.1998,1998,15.0,Brann,3,0,Kongsvinger,Harald Aabrekk,3,3,0
01.08.1998,1998,16.0,Molde,2,2,Brann,Harald Aabrekk,1,2,2
08.08.1998,1998,17.0,Brann,3,0,Vålerenga,Harald Aabrekk,3,3,0
15.08.1998,1998,18.0,Rosenborg,4,2,Brann,Harald Aabrekk,0,2,4
22.08.1998,1998,19.0,Brann,3,1,Tromsø,Harald Aabrekk,3,3,1
29.08.1998,1998,20.0,Strømsgodset,0,2,Brann,Harald Aabrekk,3,2,0
12.09.1998,1998,21.0,Viking,2,3,Brann,Harald Aabrekk,3,3,2
20.09.1998,1998,22.0,Haugesund,2,3,Brann,Harald Aabrekk,3,3,2
26.09.1998,1998,23.0,Brann,1,2,Lillestrøm,Harald Aabrekk,0,1,2
04.10.1998,1998,24.0,Brann,4,0,Sogndal,Harald Aabrekk,3,4,0
18.10.1998,1998,25.0,Stabæk,1,1,Brann,Harald Aabrekk,1,1,1
25.10.1998,1998,26.0,Brann,2,1,Bodø / Glimt,Harald Aabrekk,3,2,1
11.04.1999,1999,1.0,Brann,1,3,Lillestrøm,Harald Aabrekk,0,1,3
18.04.1999,1999,2.0,Tromsø,5,0,Brann,Harald Aabrekk,0,0,5
23.04.1999,1999,3.0,Brann,5,4,Kongsvinger,Harald Aabrekk,3,5,4
02.05.1999,1999,4.0,Bodø / Glimt,1,3,Brann,Harald Aabrekk,3,3,1
09.05.1999,1999,5.0,Brann,2,1,Vålerenga,Harald Aabrekk,3,2,1
13.05.1999,1999,6.0,Strømsgodset,1,2,Brann,Harald Aabrekk,3,2,1
16.05.1999,1999,7.0,Brann,0,1,Molde,Harald Aabrekk,0,0,1
24.05.1999,1999,8.0,Brann,0,1,Skeid,Harald Aabrekk,0,0,1
13.06.1999,1999,9.0,Brann,1,0,Viking,Harald Aabrekk,3,1,0
17.06.1999,1999,10.0,Stabæk,2,3,Brann,Harald Aabrekk,3,3,2
20.06.1999,1999,11.0,Brann,3,0,Odd,Harald Aabrekk,3,3,0
27.06.1999,1999,12.0,Moss,0,2,Brann,Harald Aabrekk,3,2,0
07.07.1999,1999,13.0,Rosenborg,2,3,Brann,Harald Aabrekk,3,3,2
22.07.1999,1999,14.0,Lillestrøm,2,0,Brann,Harald Aabrekk,0,0,2
25.07.1999,1999,15.0,Kongsvinger,0,2,Brann,Harald Aabrekk,3,2,0
01.08.1999,1999,16.0,Brann,0,2,Bodø / Glimt,Harald Aabrekk,0,0,2
08.08.1999,1999,17.0,Vålerenga,1,2,Brann,Harald Aabrekk,3,2,1
15.08.1999,1999,18.0,Brann,2,2,Strømsgodset,Harald Aabrekk,1,2,2
22.08.1999,1999,19.0,Molde,1,3,Brann,Harald Aabrekk,3,3,1
25.08.1999,1999,20.0,Brann,3,1,Tromsø,Harald Aabrekk,3,3,1
29.08.1999,1999,21.0,Skeid,1,2,Brann,Harald Aabrekk,3,2,1
11.09.1999,1999,22.0,Brann,2,1,Rosenborg,Harald Aabrekk,3,2,1
18.09.1999,1999,23.0,Viking,2,0,Brann,Harald Aabrekk,0,0,2
13.10.1999,1999,24.0,Brann,2,3,Stabæk,Harald Aabrekk,0,2,3
17.10.1999,1999,25.0,Odd,3,1,Brann,Harald Aabrekk,0,1,3
23.10.1999,1999,26.0,Brann,1,0,Moss,Harald Aabrekk,3,1,0
09.04.2000,2000,1.0,Brann,4,1,Viking,Teitur Thordarson,3,4,1
16.04.2000,2000,2.0,Rosenborg,4,4,Brann,Teitur Thordarson,1,4,4
19.04.2000,2000,3.0,Brann,0,0,Odd,Teitur Thordarson,1,0,0
29.04.2000,2000,4.0,Start,0,2,Brann,Teitur Thordarson,3,2,0
04.05.2000,2000,5.0,Brann,2,0,Tromsø,Teitur Thordarson,3,2,0
07.05.2000,2000,6.0,Bodø / Glimt,3,2,Brann,Teitur Thordarson,0,2,3
10.05.2000,2000,7.0,Brann,3,1,Vålerenga,Teitur Thordarson,3,3,1
13.05.2000,2000,8.0,Bryne,0,3,Brann,Teitur Thordarson,3,3,0
16.05.2000,2000,9.0,Brann,2,0,Moss,Teitur Thordarson,3,2,0
21.05.2000,2000,10.0,Stabæk,7,1,Brann,Teitur Thordarson,0,1,7
02.07.2000,2000,11.0,Haugesund,2,4,Brann,Teitur Thordarson,3,4,2
05.07.2000,2000,12.0,Brann,0,2,Lillestrøm,Teitur Thordarson,0,0,2
16.07.2000,2000,13.0,Viking,2,6,Brann,Teitur Thordarson,3,6,2
23.07.2000,2000,14.0,Brann,1,1,Rosenborg,Teitur Thordarson,1,1,1
26.07.2000,2000,15.0,Molde,1,3,Brann,Teitur Thordarson,3,3,1
30.07.2000,2000,16.0,Odd,2,0,Brann,Teitur Thordarson,0,0,2
06.08.2000,2000,17.0,Tromsø,4,1,Brann,Teitur Thordarson,0,1,4
13.08.2000,2000,18.0,Brann,0,2,Bodø / Glimt,Teitur Thordarson,0,0,2
20.08.2000,2000,19.0,Vålerenga,0,1,Brann,Teitur Thordarson,3,1,0
27.08.2000,2000,20.0,Brann,0,0,Bryne,Teitur Thordarson,1,0,0
09.09.2000,2000,21.0,Moss,3,2,Brann,Teitur Thordarson,0,2,3
17.09.2000,2000,22.0,Brann,2,2,Stabæk,Teitur Thordarson,1,2,2
20.09.2000,2000,23.0,Brann,2,1,Start,Teitur Thordarson,3,2,1
01.10.2000,2000,24.0,Brann,2,1,Haugesund,Teitur Thordarson,3,2,1
15.10.2000,2000,25.0,Lillestrøm,1,2,Brann,Teitur Thordarson,3,2,1
22.10.2000,2000,26.0,Brann,4,0,Molde,Teitur Thordarson,3,4,0
16.04.2001,2001,1.0,Brann,1,0,Moss,Teitur Thordarson,3,1,0
22.04.2001,2001,2.0,Tromsø,2,0,Brann,Teitur Thordarson,0,0,2
29.04.2001,2001,3.0,Brann,3,4,Bryne,Teitur Thordarson,0,3,4
02.05.2001,2001,4.0,Strømsgodset,2,6,Brann,Teitur Thordarson,3,6,2
06.05.2001,2001,5.0,Brann,2,1,Sogndal,Teitur Thordarson,3,2,1
13.05.2001,2001,6.0,Odd,2,2,Brann,Teitur Thordarson,1,2,2
16.05.2001,2001,7.0,Brann,2,1,Lyn,Teitur Thordarson,3,2,1
20.05.2001,2001,8.0,Lillestrøm,2,1,Brann,Teitur Thordarson,0,1,2
24.05.2001,2001,9.0,Brann,8,1,Stabæk,Teitur Thordarson,3,8,1
10.06.2001,2001,10.0,Brann,2,2,Bodø / Glimt,Teitur Thordarson,1,2,2
17.06.2001,2001,11.0,Viking,0,2,Brann,Teitur Thordarson,3,2,0
22.06.2001,2001,12.0,Brann,0,0,Molde,Teitur Thordarson,1,0,0
01.07.2001,2001,13.0,Rosenborg,3,3,Brann,Teitur Thordarson,1,3,3
08.07.2001,2001,14.0,Moss,2,3,Brann,Teitur Thordarson,3,3,2
22.07.2001,2001,15.0,Brann,3,1,Tromsø,Teitur Thordarson,3,3,1
29.07.2001,2001,16.0,Bryne,0,3,Brann,Teitur Thordarson,3,3,0
05.08.2001,2001,17.0,Brann,6,2,Strømsgodset,Teitur Thordarson,3,6,2
12.08.2001,2001,18.0,Sogndal,4,3,Brann,Teitur Thordarson,0,3,4
19.08.2001,2001,19.0,Brann,3,1,Odd,Teitur Thordarson,3,3,1
26.08.2001,2001,20.0,Lyn,3,2,Brann,Teitur Thordarson,0,2,3
09.09.2001,2001,21.0,Brann,1,1,Lillestrøm,Teitur Thordarson,1,1,1
16.09.2001,2001,22.0,Stabæk,2,1,Brann,Teitur Thordarson,0,1,2
28.09.2001,2001,23.0,Bodø / Glimt,5,1,Brann,Teitur Thordarson,0,1,5
12.10.2001,2001,24.0,Brann,0,1,Viking,Teitur Thordarson,0,0,1
21.10.2001,2001,25.0,Molde,0,3,Brann,Teitur Thordarson,3,3,0
28.10.2001,2001,26.0,Brann,2,6,Rosenborg,Teitur Thordarson,0,2,6
13.04.2002,2002,1.0,Molde,2,0,Brann,Teitur Thordarson,0,0,2
21.04.2002,2002,2.0,Brann,0,1,Moss,Teitur Thordarson,0,0,1
28.04.2002,2002,3.0,Start,2,2,Brann,Teitur Thordarson,1,2,2
01.05.2002,2002,4.0,Brann,0,4,Vålerenga,Teitur Thordarson,0,0,4
05.05.2002,2002,5.0,Bodø / Glimt,0,1,Brann,Teitur Thordarson,3,1,0
09.05.2002,2002,6.0,Brann,4,1,Stabæk,Teitur Thordarson,3,4,1
12.05.2002,2002,7.0,Sogndal,2,3,Brann,Teitur Thordarson,3,3,2
16.05.2002,2002,8.0,Brann,1,2,Bryne,Teitur Thordarson,0,1,2
26.05.2002,2002,9.0,Brann,1,3,Odd,Teitur Thordarson,0,1,3
02.06.2002,2002,10.0,Viking,4,1,Brann,Teitur Thordarson,0,1,4
09.06.2002,2002,11.0,Brann,1,1,Lyn,Teitur Thordarson,1,1,1
16.06.2002,2002,12.0,Lillestrøm,0,1,Brann,Teitur Thordarson,3,1,0
30.06.2002,2002,13.0,Brann,4,1,Molde,Teitur Thordarson,3,4,1
20.07.2002,2002,14.0,Moss,0,1,Brann,Teitur Thordarson,3,1,0
01.08.2002,2002,15.0,Brann,2,3,Rosenborg,Teitur Thordarson,0,2,3
05.08.2002,2002,16.0,Vålerenga,1,1,Brann,Teitur Thordarson,1,1,1
12.08.2002,2002,17.0,Brann,1,3,Bodø / Glimt,Teitur Thordarson,0,1,3
18.08.2002,2002,18.0,Stabæk,1,0,Brann,Teitur Thordarson,0,0,1
25.08.2002,2002,19.0,Brann,2,3,Sogndal,Teitur Thordarson,0,2,3
01.09.2002,2002,20.0,Bryne,4,0,Brann,Teitur Thordarson,0,0,4
11.09.2002,2002,21.0,Brann,3,1,Start,Teitur Thordarson,3,3,1
16.09.2002,2002,22.0,Odd,2,0,Brann,Teitur Thordarson,0,0,2
30.09.2002,2002,23.0,Brann,2,3,Viking,Teitur Thordarson,0,2,3
06.10.2002,2002,24.0,Lyn,2,3,Brann,Teitur Thordarson,3,3,2
20.10.2002,2002,25.0,Brann,1,2,Lillestrøm,Teitur Thordarson,0,1,2
27.10.2002,2002,26.0,Rosenborg,4,0,Brann,Teitur Thordarson,0,0,4
14.04.2003,2003,1.0,Lyn,0,0,Brann,Mons Ivar Mjelde,1,0,0
22.04.2003,2003,2.0,Brann,1,6,Rosenborg,Mons Ivar Mjelde,0,1,6
26.04.2003,2003,3.0,Aalesund,3,3,Brann,Mons Ivar Mjelde,1,3,3
05.05.2003,2003,4.0,Brann,0,3,Viking,Mons Ivar Mjelde,0,0,3
11.05.2003,2003,5.0,Sogndal,2,0,Brann,Mons Ivar Mjelde,0,0,2
16.05.2003,2003,6.0,Brann,3,0,Odd,Mons Ivar Mjelde,3,3,0
25.05.2003,2003,7.0,Lillestrøm,0,0,Brann,Mons Ivar Mjelde,1,0,0
29.05.2003,2003,8.0,Brann,0,2,Bodø / Glimt,Mons Ivar Mjelde,0,0,2
02.06.2003,2003,9.0,Molde,3,0,Brann,Mons Ivar Mjelde,0,0,3
15.06.2003,2003,10.0,Brann,3,3,Stabæk,Mons Ivar Mjelde,1,3,3
23.06.2003,2003,11.0,Bryne,1,1,Brann,Mons Ivar Mjelde,1,1,1
29.06.2003,2003,12.0,Brann,0,1,Tromsø,Mons Ivar Mjelde,0,0,1
21.07.2003,2003,13.0,Vålerenga,0,2,Brann,Mons Ivar Mjelde,3,2,0
27.07.2003,2003,14.0,Brann,4,1,Lyn,Mons Ivar Mjelde,3,4,1
03.08.2003,2003,15.0,Rosenborg,2,2,Brann,Mons Ivar Mjelde,1,2,2
10.08.2003,2003,16.0,Brann,3,0,Aalesund,Mons Ivar Mjelde,3,3,0
16.08.2003,2003,17.0,Viking,3,3,Brann,Mons Ivar Mjelde,1,3,3
25.08.2003,2003,18.0,Brann,6,1,Sogndal,Mons Ivar Mjelde,3,6,1
31.08.2003,2003,19.0,Odd,1,3,Brann,Mons Ivar Mjelde,3,3,1
15.09.2003,2003,20.0,Brann,1,3,Lillestrøm,Mons Ivar Mjelde,0,1,3
21.09.2003,2003,21.0,Bodø / Glimt,3,0,Brann,Mons Ivar Mjelde,0,0,3
28.09.2003,2003,22.0,Brann,3,2,Molde,Mons Ivar Mjelde,3,3,2
04.10.2003,2003,23.0,Stabæk,6,0,Brann,Mons Ivar Mjelde,0,0,6
19.10.2003,2003,24.0,Brann,3,0,Bryne,Mons Ivar Mjelde,3,3,0
26.10.2003,2003,25.0,Tromsø,0,1,Brann,Mons Ivar Mjelde,3,1,0
01.11.2003,2003,26.0,Brann,3,1,Vålerenga,Mons Ivar Mjelde,3,3,1
12.04.2004,2004,1.0,Rosenborg,1,0,Brann,Mons Ivar Mjelde,0,0,1
18.04.2004,2004,2.0,Brann,3,0,Molde,Mons Ivar Mjelde,3,3,0
25.04.2004,2004,3.0,Vålerenga,1,0,Brann,Mons Ivar Mjelde,0,0,1
02.05.2004,2004,4.0,Brann,1,1,Odd,Mons Ivar Mjelde,1,1,1
09.05.2004,2004,5.0,Sogndal,3,1,Brann,Mons Ivar Mjelde,0,1,3
16.05.2004,2004,6.0,Brann,2,0,HamKam,Mons Ivar Mjelde,3,2,0
20.05.2004,2004,7.0,Stabæk,2,1,Brann,Mons Ivar Mjelde,0,1,2
23.05.2004,2004,8.0,Brann,3,1,Bodø / Glimt,Mons Ivar Mjelde,3,3,1
31.05.2004,2004,9.0,Lyn,1,2,Brann,Mons Ivar Mjelde,3,2,1
06.06.2004,2004,10.0,Brann,1,0,Tromsø,Mons Ivar Mjelde,3,1,0
13.06.2004,2004,11.0,Brann,4,2,Fredrikstad,Mons Ivar Mjelde,3,4,2
21.06.2004,2004,12.0,Viking,4,2,Brann,Mons Ivar Mjelde,0,2,4
27.06.2004,2004,13.0,Brann,1,5,Lillestrøm,Mons Ivar Mjelde,0,1,5
05.07.2004,2004,14.0,Brann,3,4,Rosenborg,Mons Ivar Mjelde,0,3,4
25.07.2004,2004,15.0,Molde,2,3,Brann,Mons Ivar Mjelde,3,3,2
02.08.2004,2004,16.0,Brann,1,1,Vålerenga,Mons Ivar Mjelde,1,1,1
08.08.2004,2004,17.0,Odd,0,2,Brann,Mons Ivar Mjelde,3,2,0
22.08.2004,2004,18.0,Brann,2,1,Sogndal,Mons Ivar Mjelde,3,2,1
29.08.2004,2004,19.0,HamKam,2,1,Brann,Mons Ivar Mjelde,0,1,2
13.09.2004,2004,20.0,Brann,1,2,Stabæk,Mons Ivar Mjelde,0,1,2
19.09.2004,2004,21.0,Bodø / Glimt,1,1,Brann,Mons Ivar Mjelde,1,1,1
26.09.2004,2004,22.0,Brann,5,1,Lyn,Mons Ivar Mjelde,3,5,1
03.10.2004,2004,23.0,Tromsø,0,1,Brann,Mons Ivar Mjelde,3,1,0
17.10.2004,2004,24.0,Fredrikstad,3,2,Brann,Mons Ivar Mjelde,0,2,3
24.10.2004,2004,25.0,Brann,1,0,Viking,Mons Ivar Mjelde,3,1,0
31.10.2004,2004,26.0,Lillestrøm,2,2,Brann,Mons Ivar Mjelde,1,2,2
11.04.2005,2005,1.0,Brann,2,0,Molde,Mons Ivar Mjelde,3,2,0
17.04.2005,2005,2.0,Vålerenga,2,1,Brann,Mons Ivar Mjelde,0,1,2
25.04.2005,2005,3.0,Brann,0,0,Tromsø,Mons Ivar Mjelde,1,0,0
02.05.2005,2005,4.0,Aalesund,1,3,Brann,Mons Ivar Mjelde,3,3,1
05.05.2005,2005,5.0,Brann,2,3,Bodø / Glimt,Mons Ivar Mjelde,0,2,3
09.05.2005,2005,6.0,Fredrikstad,2,3,Brann,Mons Ivar Mjelde,3,3,2
16.05.2005,2005,7.0,Brann,6,2,Lillestrøm,Mons Ivar Mjelde,3,6,2
22.05.2005,2005,8.0,Start,3,2,Brann,Mons Ivar Mjelde,0,2,3
29.05.2005,2005,9.0,Brann,3,0,Lyn,Mons Ivar Mjelde,3,3,0
13.06.2005,2005,10.0,Viking,0,0,Brann,Mons Ivar Mjelde,1,0,0
19.06.2005,2005,11.0,Brann,4,1,Rosenborg,Mons Ivar Mjelde,3,4,1
26.06.2005,2005,12.0,Odd,0,0,Brann,Mons Ivar Mjelde,1,0,0
03.07.2005,2005,13.0,Brann,2,0,HamKam,Mons Ivar Mjelde,3,2,0
23.07.2005,2005,14.0,Molde,3,1,Brann,Mons Ivar Mjelde,0,1,3
30.07.2005,2005,15.0,Brann,1,2,Vålerenga,Mons Ivar Mjelde,0,1,2
03.08.2005,2005,16.0,Tromsø,1,1,Brann,Mons Ivar Mjelde,1,1,1
07.08.2005,2005,17.0,Brann,0,0,Aalesund,Mons Ivar Mjelde,1,0,0
14.08.2005,2005,18.0,Bodø / Glimt,2,1,Brann,Mons Ivar Mjelde,0,1,2
29.08.2005,2005,19.0,Brann,4,0,Fredrikstad,Mons Ivar Mjelde,3,4,0
11.09.2005,2005,20.0,Lillestrøm,1,0,Brann,Mons Ivar Mjelde,0,0,1
19.09.2005,2005,21.0,Brann,1,0,Start,Mons Ivar Mjelde,3,1,0
25.09.2005,2005,22.0,Lyn,1,0,Brann,Mons Ivar Mjelde,0,0,1
03.10.2005,2005,23.0,Brann,2,1,Viking,Mons Ivar Mjelde,3,2,1
16.10.2005,2005,24.0,Rosenborg,4,1,Brann,Mons Ivar Mjelde,0,1,4
23.10.2005,2005,25.0,Brann,2,2,Odd,Mons Ivar Mjelde,1,2,2
29.10.2005,2005,26.0,HamKam,1,1,Brann,Mons Ivar Mjelde,1,1,1
10.04.2006,2006,1.0,Fredrikstad,1,1,Brann,Mons Ivar Mjelde,1,1,1
18.04.2006,2006,2.0,Brann,1,1,Lillestrøm,Mons Ivar Mjelde,1,1,1
24.04.2006,2006,3.0,Start,0,1,Brann,Mons Ivar Mjelde,3,1,0
30.04.2006,2006,4.0,Brann,3,1,Vålerenga,Mons Ivar Mjelde,3,3,1
03.05.2006,2006,5.0,Molde,0,2,Brann,Mons Ivar Mjelde,3,2,0
07.05.2006,2006,6.0,Brann,2,2,Stabæk,Mons Ivar Mjelde,1,2,2
13.05.2006,2006,7.0,Sandefjord,0,2,Brann,Mons Ivar Mjelde,3,2,0
16.05.2006,2006,8.0,Brann,2,1,Tromsø,Mons Ivar Mjelde,3,2,1
21.05.2006,2006,9.0,Odd,1,3,Brann,Mons Ivar Mjelde,3,3,1
28.05.2006,2006,10.0,Brann,2,0,Lyn,Mons Ivar Mjelde,3,2,0
05.06.2006,2006,11.0,Rosenborg,0,0,Brann,Mons Ivar Mjelde,1,0,0
02.07.2006,2006,12.0,HamKam,4,0,Brann,Mons Ivar Mjelde,0,0,4
17.07.2006,2006,13.0,Brann,2,0,Viking,Mons Ivar Mjelde,3,2,0
30.07.2006,2006,14.0,Brann,3,1,Fredrikstad,Mons Ivar Mjelde,3,3,1
02.08.2006,2006,15.0,Lillestrøm,2,0,Brann,Mons Ivar Mjelde,0,0,2
06.08.2006,2006,16.0,Brann,0,1,Start,Mons Ivar Mjelde,0,0,1
13.08.2006,2006,17.0,Vålerenga,2,1,Brann,Mons Ivar Mjelde,0,1,2
27.08.2006,2006,18.0,Brann,2,1,Molde,Mons Ivar Mjelde,3,2,1
11.09.2006,2006,19.0,Stabæk,1,2,Brann,Mons Ivar Mjelde,3,2,1
17.09.2006,2006,20.0,Brann,5,3,Sandefjord,Mons Ivar Mjelde,3,5,3
24.09.2006,2006,21.0,Tromsø,3,1,Brann,Mons Ivar Mjelde,0,1,3
02.10.2006,2006,22.0,Brann,1,0,Odd,Mons Ivar Mjelde,3,1,0
15.10.2006,2006,23.0,Lyn,2,0,Brann,Mons Ivar Mjelde,0,0,2
22.10.2006,2006,24.0,Brann,1,3,Rosenborg,Mons Ivar Mjelde,0,1,3
29.10.2006,2006,25.0,Brann,2,1,HamKam,Mons Ivar Mjelde,3,2,1
05.11.2006,2006,26.0,Viking,5,0,Brann,Mons Ivar Mjelde,0,0,5
10.04.2007,2007,1.0,Stabæk,0,1,Brann,Mons Ivar Mjelde,3,1,0
16.04.2007,2007,2.0,Brann,3,1,Strømsgodset,Mons Ivar Mjelde,3,3,1
22.04.2007,2007,3.0,Brann,4,1,Vålerenga,Mons Ivar Mjelde,3,4,1
29.04.2007,2007,4.0,Rosenborg,3,0,Brann,Mons Ivar Mjelde,0,0,3
05.05.2007,2007,5.0,Brann,2,2,Start,Mons Ivar Mjelde,1,2,2
12.05.2007,2007,6.0,Sandefjord,2,3,Brann,Mons Ivar Mjelde,3,3,2
16.05.2007,2007,7.0,Brann,2,2,Fredrikstad,Mons Ivar Mjelde,1,2,2
28.05.2007,2007,8.0,Odd,0,2,Brann,Mons Ivar Mjelde,3,2,0
10.06.2007,2007,9.0,Brann,3,1,Lillestrøm,Mons Ivar Mjelde,3,3,1
16.06.2007,2007,10.0,Lyn,6,0,Brann,Mons Ivar Mjelde,0,0,6
20.06.2007,2007,11.0,Brann,2,1,Aalesund,Mons Ivar Mjelde,3,2,1
24.06.2007,2007,12.0,Viking,3,1,Brann,Mons Ivar Mjelde,0,1,3
01.07.2007,2007,13.0,Brann,2,1,Tromsø,Mons Ivar Mjelde,3,2,1
22.07.2007,2007,14.0,Brann,3,0,Stabæk,Mons Ivar Mjelde,3,3,0
29.07.2007,2007,15.0,Strømsgodset,2,4,Brann,Mons Ivar Mjelde,3,4,2
05.08.2007,2007,16.0,Vålerenga,2,0,Brann,Mons Ivar Mjelde,0,0,2
11.08.2007,2007,17.0,Brann,3,2,Rosenborg,Mons Ivar Mjelde,3,3,2
26.08.2007,2007,18.0,Start,1,1,Brann,Mons Ivar Mjelde,1,1,1
02.09.2007,2007,19.0,Brann,1,0,Sandefjord,Mons Ivar Mjelde,3,1,0
16.09.2007,2007,20.0,Fredrikstad,0,4,Brann,Mons Ivar Mjelde,3,4,0
23.09.2007,2007,21.0,Brann,4,0,Odd,Mons Ivar Mjelde,3,4,0
30.09.2007,2007,22.0,Lillestrøm,1,5,Brann,Mons Ivar Mjelde,3,5,1
08.10.2007,2007,23.0,Brann,3,1,Lyn,Mons Ivar Mjelde,3,3,1
20.10.2007,2007,24.0,Aalesund,2,1,Brann,Mons Ivar Mjelde,0,1,2
28.10.2007,2007,25.0,Brann,5,2,Viking,Mons Ivar Mjelde,3,5,2
03.11.2007,2007,26.0,Tromsø,3,0,Brann,Mons Ivar Mjelde,0,0,3
30.03.2008,2008,1.0,Brann,4,2,Fredrikstad,Mons Ivar Mjelde,3,4,2
05.04.2008,2008,2.0,Aalesund,4,2,Brann,Mons Ivar Mjelde,0,2,4
14.04.2008,2008,3.0,Brann,1,1,Strømsgodset,Mons Ivar Mjelde,1,1,1
19.04.2008,2008,4.0,Stabæk,3,0,Brann,Mons Ivar Mjelde,0,0,3
27.04.2008,2008,5.0,Brann,2,1,Lillestrøm,Mons Ivar Mjelde,3,2,1
03.05.2008,2008,6.0,Tromsø,0,0,Brann,Mons Ivar Mjelde,1,0,0
16.05.2008,2008,7.0,Brann,1,0,Vålerenga,Mons Ivar Mjelde,3,1,0
25.05.2008,2008,8.0,Viking,1,2,Brann,Mons Ivar Mjelde,3,2,1
31.05.2008,2008,9.0,Brann,3,4,Molde,Mons Ivar Mjelde,0,3,4
04.06.2008,2008,10.0,Rosenborg,1,1,Brann,Mons Ivar Mjelde,1,1,1
28.06.2008,2008,11.0,HamKam,0,0,Brann,Mons Ivar Mjelde,1,0,0
05.07.2008,2008,12.0,Brann,4,1,Bodø / Glimt,Mons Ivar Mjelde,3,4,1
14.07.2008,2008,13.0,Lyn,1,1,Brann,Mons Ivar Mjelde,1,1,1
20.07.2008,2008,14.0,Brann,1,2,Aalesund,Mons Ivar Mjelde,0,1,2
26.07.2008,2008,15.0,Fredrikstad,1,0,Brann,Mons Ivar Mjelde,0,0,1
02.08.2008,2008,16.0,Brann,4,1,HamKam,Mons Ivar Mjelde,3,4,1
09.08.2008,2008,17.0,Strømsgodset,2,0,Brann,Mons Ivar Mjelde,0,0,2
24.08.2008,2008,18.0,Brann,0,0,Rosenborg,Mons Ivar Mjelde,1,0,0
31.08.2008,2008,19.0,Bodø / Glimt,3,1,Brann,Mons Ivar Mjelde,0,1,3
14.09.2008,2008,20.0,Brann,1,1,Viking,Mons Ivar Mjelde,1,1,1
22.09.2008,2008,21.0,Lillestrøm,1,1,Brann,Mons Ivar Mjelde,1,1,1
28.09.2008,2008,22.0,Brann,2,0,Lyn,Mons Ivar Mjelde,3,2,0
06.10.2008,2008,23.0,Molde,3,2,Brann,Mons Ivar Mjelde,0,2,3
19.10.2008,2008,24.0,Brann,1,2,Stabæk,Mons Ivar Mjelde,0,1,2
26.10.2008,2008,25.0,Brann,1,1,Tromsø,Mons Ivar Mjelde,1,1,1
02.11.2008,2008,26.0,Vålerenga,0,1,Brann,Mons Ivar Mjelde,3,1,0
16.03.2009,2009,1.0,Sandefjord,3,1,Brann,Steinar Nilsen,0,1,3
22.03.2009,2009,2.0,Brann,1,1,Stabæk,Steinar Nilsen,1,1,1
05.04.2009,2009,3.0,Rosenborg,1,1,Brann,Steinar Nilsen,1,1,1
13.04.2009,2009,4.0,Brann,2,4,Tromsø,Steinar Nilsen,0,2,4
19.04.2009,2009,5.0,Vålerenga,1,1,Brann,Steinar Nilsen,1,1,1
27.04.2009,2009,6.0,Bodø / Glimt,0,2,Brann,Steinar Nilsen,3,2,0
30.04.2009,2009,7.0,Brann,3,1,Lillestrøm,Steinar Nilsen,3,3,1
09.05.2009,2009,8.0,Odd,3,1,Brann,Steinar Nilsen,0,1,3
16.05.2009,2009,9.0,Brann,1,1,Start,Steinar Nilsen,1,1,1
21.05.2009,2009,10.0,Fredrikstad,2,4,Brann,Steinar Nilsen,3,4,2
28.05.2009,2009,11.0,Brann,2,0,Molde,Steinar Nilsen,3,2,0
02.06.2009,2009,12.0,Strømsgodset,2,1,Brann,Steinar Nilsen,0,1,2
14.06.2009,2009,13.0,Brann,2,1,Lyn,Steinar Nilsen,3,2,1
21.06.2009,2009,14.0,Viking,1,1,Brann,Steinar Nilsen,1,1,1
25.06.2009,2009,15.0,Brann,2,1,Aalesund,Steinar Nilsen,3,2,1
29.06.2009,2009,16.0,Stabæk,2,1,Brann,Steinar Nilsen,0,1,2
06.07.2009,2009,17.0,Brann,2,1,Fredrikstad,Steinar Nilsen,3,2,1
12.07.2009,2009,18.0,Molde,5,2,Brann,Steinar Nilsen,0,2,5
26.07.2009,2009,19.0,Brann,4,2,Bodø / Glimt,Steinar Nilsen,3,4,2
03.08.2009,2009,20.0,Lyn,2,2,Brann,Steinar Nilsen,1,2,2
16.08.2009,2009,21.0,Brann,4,2,Strømsgodset,Steinar Nilsen,3,4,2
24.08.2009,2009,22.0,Brann,0,1,Sandefjord,Steinar Nilsen,0,0,1
30.08.2009,2009,23.0,Start,0,1,Brann,Steinar Nilsen,3,1,0
14.09.2009,2009,24.0,Brann,1,1,Viking,Steinar Nilsen,1,1,1
19.09.2009,2009,25.0,Aalesund,3,0,Brann,Steinar Nilsen,0,0,3
28.09.2009,2009,26.0,Brann,4,2,Odd,Steinar Nilsen,3,4,2
04.10.2009,2009,27.0,Tromsø,0,2,Brann,Steinar Nilsen,3,2,0
18.10.2009,2009,28.0,Brann,1,2,Vålerenga,Steinar Nilsen,0,1,2
25.10.2009,2009,29.0,Lillestrøm,3,1,Brann,Steinar Nilsen,0,1,3
01.11.2009,2009,30.0,Brann,1,1,Rosenborg,Steinar Nilsen,1,1,1
13.03.2010,2010,1.0,Brann,0,0,Haugesund,Steinar Nilsen,1,0,0
21.03.2010,2010,2.0,Viking,4,0,Brann,Steinar Nilsen,0,0,4
29.03.2010,2010,3.0,Brann,3,2,Sandefjord,Steinar Nilsen,3,3,2
05.04.2010,2010,4.0,Molde,3,2,Brann,Steinar Nilsen,0,2,3
11.04.2010,2010,5.0,Brann,3,4,Start,Steinar Nilsen,0,3,4
14.04.2010,2010,6.0,Rosenborg,3,0,Brann,Steinar Nilsen,0,0,3
18.04.2010,2010,7.0,Brann,1,1,Vålerenga,Steinar Nilsen,1,1,1
25.04.2010,2010,8.0,Brann,4,0,Strømsgodset,Steinar Nilsen,3,4,0
02.05.2010,2010,9.0,Odd,0,0,Brann,Steinar Nilsen,1,0,0
05.05.2010,2010,10.0,Brann,0,1,Tromsø,Steinar Nilsen,0,0,1
09.05.2010,2010,11.0,Stabæk,2,1,Brann,Steinar Nilsen,0,1,2
16.05.2010,2010,12.0,Brann,1,1,Lillestrøm,Steinar Nilsen,1,1,1
24.05.2010,2010,13.0,Hønefoss,2,0,Brann,Rune Skarsfjord,0,0,2
06.06.2010,2010,14.0,Brann,2,1,Aalesund,Rune Skarsfjord,3,2,1
04.07.2010,2010,15.0,Kongsvinger,0,3,Brann,Rune Skarsfjord,3,3,0
10.07.2010,2010,16.0,Haugesund,1,1,Brann,Rune Skarsfjord,1,1,1
18.07.2010,2010,17.0,Brann,2,2,Stabæk,Rune Skarsfjord,1,2,2
25.07.2010,2010,18.0,Sandefjord,1,4,Brann,Rune Skarsfjord,3,4,1
01.08.2010,2010,19.0,Brann,1,1,Molde,Rune Skarsfjord,1,1,1
08.08.2010,2010,20.0,Start,3,1,Brann,Rune Skarsfjord,0,1,3
21.08.2010,2010,21.0,Strømsgodset,1,1,Brann,Rune Skarsfjord,1,1,1
30.08.2010,2010,22.0,Brann,3,3,Viking,Rune Skarsfjord,1,3,3
11.09.2010,2010,23.0,Tromsø,0,3,Brann,Rune Skarsfjord,3,3,0
19.09.2010,2010,24.0,Brann,2,3,Rosenborg,Rune Skarsfjord,0,2,3
26.09.2010,2010,25.0,Vålerenga,1,0,Brann,Rune Skarsfjord,0,0,1
02.10.2010,2010,26.0,Brann,3,2,Hønefoss,Rune Skarsfjord,3,3,2
17.10.2010,2010,27.0,Lillestrøm,3,2,Brann,Rune Skarsfjord,0,2,3
25.10.2010,2010,28.0,Brann,3,1,Kongsvinger,Rune Skarsfjord,3,3,1
31.10.2010,2010,29.0,Aalesund,3,1,Brann,Rune Skarsfjord,0,1,3
07.11.2010,2010,30.0,Brann,1,1,Odd,Rune Skarsfjord,1,1,1
20.03.2011,2011,1.0,Brann,2,1,Rosenborg,Rune Skarsfjord,3,2,1
04.04.2011,2011,2.0,Lillestrøm,1,4,Brann,Rune Skarsfjord,3,4,1
09.04.2011,2011,3.0,Brann,0,1,Fredrikstad,Rune Skarsfjord,0,0,1
15.04.2011,2011,4.0,Haugesund,3,3,Brann,Rune Skarsfjord,1,3,3
25.04.2011,2011,5.0,Brann,1,3,Molde,Rune Skarsfjord,0,1,3
07.05.2011,2011,6.0,Vålerenga,0,2,Brann,Rune Skarsfjord,3,2,0
16.05.2011,2011,7.0,Brann,2,1,Start,Rune Skarsfjord,3,2,1
19.05.2011,2011,8.0,Strømsgodset,1,0,Brann,Rune Skarsfjord,0,0,1
29.05.2011,2011,9.0,Tromsø,4,0,Brann,Rune Skarsfjord,0,0,4
10.06.2011,2011,10.0,Brann,2,0,Sogndal,Rune Skarsfjord,3,2,0
16.06.2011,2011,11.0,Viking,3,0,Brann,Rune Skarsfjord,0,0,3
19.06.2011,2011,12.0,Brann,1,1,Aalesund,Rune Skarsfjord,1,1,1
27.06.2011,2011,13.0,Sarpsborg 08,3,5,Brann,Rune Skarsfjord,3,5,3
30.06.2011,2011,14.0,Brann,2,0,Odd,Rune Skarsfjord,3,2,0
03.07.2011,2011,15.0,Brann,2,1,Stabæk,Rune Skarsfjord,3,2,1
18.07.2011,2011,16.0,Fredrikstad,4,2,Brann,Rune Skarsfjord,0,2,4
31.07.2011,2011,17.0,Odd,2,3,Brann,Rune Skarsfjord,3,3,2
03.08.2011,2011,18.0,Brann,3,2,Viking,Rune Skarsfjord,3,3,2
07.08.2011,2011,19.0,Brann,0,0,Strømsgodset,Rune Skarsfjord,1,0,0
21.08.2011,2011,20.0,Stabæk,1,1,Brann,Rune Skarsfjord,1,1,1
26.08.2011,2011,21.0,Brann,1,1,Tromsø,Rune Skarsfjord,1,1,1
11.09.2011,2011,22.0,Molde,2,2,Brann,Rune Skarsfjord,1,2,2
16.09.2011,2011,23.0,Brann,1,0,Haugesund,Rune Skarsfjord,3,1,0
25.09.2011,2011,24.0,Sogndal,1,0,Brann,Rune Skarsfjord,0,0,1
02.10.2011,2011,25.0,Brann,1,4,Vålerenga,Rune Skarsfjord,0,1,4
17.10.2011,2011,26.0,Start,3,1,Brann,Rune Skarsfjord,0,1,3
23.10.2011,2011,27.0,Brann,1,0,Sarpsborg 08,Rune Skarsfjord,3,1,0
30.10.2011,2011,28.0,Rosenborg,3,6,Brann,Rune Skarsfjord,3,6,3
20.11.2011,2011,29.0,Brann,2,0,Lillestrøm,Rune Skarsfjord,3,2,0
27.11.2011,2011,30.0,Aalesund,3,1,Brann,Rune Skarsfjord,0,1,3
25.03.2012,2012,1.0,Rosenborg,3,1,Brann,Rune Skarsfjord,0,1,3
30.03.2012,2012,2.0,Brann,3,1,Sandnes Ulf,Rune Skarsfjord,3,3,1
09.04.2012,2012,3.0,Molde,2,1,Brann,Rune Skarsfjord,0,1,2
15.04.2012,2012,4.0,Brann,1,2,Strømsgodset,Rune Skarsfjord,0,1,2
21.04.2012,2012,5.0,Haugesund,2,1,Brann,Rune Skarsfjord,0,1,2
29.04.2012,2012,6.0,Brann,1,2,Vålerenga,Rune Skarsfjord,0,1,2
07.05.2012,2012,7.0,Brann,0,0,Viking,Rune Skarsfjord,1,0,0
13.05.2012,2012,8.0,Lillestrøm,3,4,Brann,Rune Skarsfjord,3,4,3
16.05.2012,2012,9.0,Brann,5,0,Sogndal,Rune Skarsfjord,3,5,0
20.05.2012,2012,10.0,Aalesund,2,0,Brann,Rune Skarsfjord,0,0,2
23.05.2012,2012,11.0,Brann,2,0,Fredrikstad,Rune Skarsfjord,3,2,0
28.05.2012,2012,12.0,Tromsø,2,0,Brann,Rune Skarsfjord,0,0,2
30.06.2012,2012,13.0,Brann,2,1,Stabæk,Rune Skarsfjord,3,2,1
07.07.2012,2012,14.0,Hønefoss,2,1,Brann,Rune Skarsfjord,0,1,2
15.07.2012,2012,15.0,Brann,6,2,Odd,Rune Skarsfjord,3,6,2
22.07.2012,2012,16.0,Brann,2,1,Aalesund,Rune Skarsfjord,3,2,1
30.07.2012,2012,17.0,Vålerenga,1,1,Brann,Rune Skarsfjord,1,1,1
06.08.2012,2012,18.0,Stabæk,0,4,Brann,Rune Skarsfjord,3,4,0
11.08.2012,2012,19.0,Brann,3,2,Haugesund,Rune Skarsfjord,3,3,2
24.08.2012,2012,20.0,Odd,1,0,Brann,Rune Skarsfjord,0,0,1
02.09.2012,2012,21.0,Brann,4,1,Molde,Rune Skarsfjord,3,4,1
16.09.2012,2012,22.0,Sandnes Ulf,3,3,Brann,Rune Skarsfjord,1,3,3
23.09.2012,2012,23.0,Brann,2,1,Rosenborg,Rune Skarsfjord,3,2,1
30.09.2012,2012,24.0,Strømsgodset,2,0,Brann,Rune Skarsfjord,0,0,2
08.10.2012,2012,25.0,Brann,3,2,Hønefoss,Rune Skarsfjord,3,3,2
22.10.2012,2012,26.0,Fredrikstad,3,4,Brann,Rune Skarsfjord,3,4,3
29.10.2012,2012,27.0,Brann,2,3,Lillestrøm,Rune Skarsfjord,0,2,3
04.11.2012,2012,28.0,Viking,2,1,Brann,Rune Skarsfjord,0,1,2
11.11.2012,2012,29.0,Brann,0,2,Tromsø,Rune Skarsfjord,0,0,2
18.11.2012,2012,30.0,Sogndal,2,0,Brann,Rune Skarsfjord,0,0,2
16.03.2013,2013,1.0,Brann,3,1,Vålerenga,Rune Skarsfjord,3,3,1
01.04.2013,2013,2.0,Rosenborg,4,0,Brann,Rune Skarsfjord,0,0,4
06.04.2013,2013,3.0,Brann,1,0,Molde,Rune Skarsfjord,3,1,0
14.04.2013,2013,4.0,Lillestrøm,2,0,Brann,Rune Skarsfjord,0,0,2
20.04.2013,2013,5.0,Brann,2,0,Viking,Rune Skarsfjord,3,2,0
26.04.2013,2013,6.0,Brann,2,0,Odd,Rune Skarsfjord,3,2,0
05.05.2013,2013,7.0,Sogndal,3,1,Brann,Rune Skarsfjord,0,1,3
09.05.2013,2013,8.0,Brann,2,0,Start,Rune Skarsfjord,3,2,0
12.05.2013,2013,9.0,Strømsgodset,2,0,Brann,Rune Skarsfjord,0,0,2
16.05.2013,2013,10.0,Brann,2,0,Aalesund,Rune Skarsfjord,3,2,0
20.05.2013,2013,11.0,Tromsø,2,0,Brann,Rune Skarsfjord,0,0,2
26.05.2013,2013,12.0,Brann,3,1,Sarpsborg 08,Rune Skarsfjord,3,3,1
23.06.2013,2013,13.0,Haugesund,2,1,Brann,Rune Skarsfjord,0,1,2
29.06.2013,2013,14.0,Brann,6,1,Sandnes Ulf,Rune Skarsfjord,3,6,1
08.07.2013,2013,15.0,Hønefoss,1,1,Brann,Rune Skarsfjord,1,1,1
13.07.2013,2013,16.0,Start,3,3,Brann,Rune Skarsfjord,1,3,3
28.07.2013,2013,17.0,Brann,1,4,Rosenborg,Rune Skarsfjord,0,1,4
03.08.2013,2013,18.0,Molde,2,0,Brann,Rune Skarsfjord,0,0,2
09.08.2013,2013,19.0,Brann,1,1,Lillestrøm,Rune Skarsfjord,1,1,1
18.08.2013,2013,20.0,Viking,3,2,Brann,Rune Skarsfjord,0,2,3
24.08.2013,2013,21.0,Odd,1,3,Brann,Rune Skarsfjord,3,3,1
30.08.2013,2013,22.0,Brann,1,0,Sogndal,Rune Skarsfjord,3,1,0
15.09.2013,2013,23.0,Vålerenga,4,3,Brann,Rune Skarsfjord,0,3,4
21.09.2013,2013,24.0,Brann,1,1,Strømsgodset,Rune Skarsfjord,1,1,1
28.09.2013,2013,25.0,Aalesund,0,0,Brann,Rune Skarsfjord,1,0,0
04.10.2013,2013,26.0,Brann,0,1,Haugesund,Rune Skarsfjord,0,0,1
18.10.2013,2013,27.0,Sarpsborg 08,3,2,Brann,Rune Skarsfjord,0,2,3
27.10.2013,2013,28.0,Brann,0,0,Hønefoss,Rune Skarsfjord,1,0,0
03.11.2013,2013,29.0,Sandnes Ulf,3,1,Brann,Rune Skarsfjord,0,1,3
10.11.2013,2013,30.0,Brann,4,1,Tromsø,caretaker,3,4,1
30.03.2014,2014,1.0,Sarpsborg 08,3,0,Brann,Rikard Norling,0,0,3
06.04.2014,2014,2.0,Brann,1,2,Stabæk,Rikard Norling,0,1,2
11.04.2014,2014,3.0,Sandnes Ulf,1,1,Brann,Rikard Norling,1,1,1
21.04.2014,2014,4.0,Brann,2,0,Lillestrøm,Rikard Norling,3,2,0
27.04.2014,2014,5.0,Rosenborg,5,2,Brann,Rikard Norling,0,2,5
30.04.2014,2014,6.0,Brann,1,3,Haugesund,Rikard Norling,0,1,3
04.05.2014,2014,7.0,Start,1,1,Brann,Rikard Norling,1,1,1
10.05.2014,2014,8.0,Aalesund,0,1,Brann,Rikard Norling,3,1,0
16.05.2014,2014,9.0,Brann,1,2,Bodø / Glimt,Rikard Norling,0,1,2
20.05.2014,2014,10.0,Sogndal,2,1,Brann,Rikard Norling,0,1,2
25.05.2014,2014,11.0,Brann,2,3,Vålerenga,Rikard Norling,0,2,3
09.06.2014,2014,12.0,Molde,4,2,Brann,Rikard Norling,0,2,4
12.06.2014,2014,13.0,Brann,0,1,Odd,Rikard Norling,0,0,1
06.07.2014,2014,14.0,Viking,0,2,Brann,Rikard Norling,3,2,0
12.07.2014,2014,15.0,Brann,0,1,Strømsgodset,Rikard Norling,0,0,1
18.07.2014,2014,16.0,Stabæk,1,1,Brann,Rikard Norling,1,1,1
27.07.2014,2014,17.0,Brann,0,1,Viking,Rikard Norling,0,0,1
01.08.2014,2014,18.0,Lillestrøm,4,3,Brann,Rikard Norling,0,3,4
08.08.2014,2014,19.0,Brann,1,0,Aalesund,Rikard Norling,3,1,0
17.08.2014,2014,20.0,Brann,3,1,Rosenborg,Rikard Norling,3,3,1
23.08.2014,2014,21.0,Vålerenga,3,3,Brann,Rikard Norling,1,3,3
31.08.2014,2014,22.0,Brann,0,1,Molde,Rikard Norling,0,0,1
13.09.2014,2014,23.0,Strømsgodset,1,4,Brann,Rikard Norling,3,4,1
19.09.2014,2014,24.0,Brann,1,1,Sandnes Ulf,Rikard Norling,1,1,1
28.09.2014,2014,25.0,Odd,4,0,Brann,Rikard Norling,0,0,4
05.10.2014,2014,26.0,Brann,1,2,Start,Rikard Norling,0,1,2
17.10.2014,2014,27.0,Brann,1,2,Sarpsborg 08,Rikard Norling,0,1,2
26.10.2014,2014,28.0,Bodø / Glimt,2,1,Brann,Rikard Norling,0,1,2
02.11.2014,2014,29.0,Brann,2,1,Sogndal,Rikard Norling,3,2,1
09.11.2014,2014,30.0,Haugesund,2,3,Brann,Rikard Norling,3,3,2
06.04.2015,2015,1.0,Fredrikstad,1,1,Brann,Rikard Norling,1,1,1
13.04.2015,2015,2.0,Brann,2,0,Strømmen,Rikard Norling,3,2,0
20.04.2015,2015,3.0,Hødd,3,0,Brann,Rikard Norling,0,0,3
27.04.2015,2015,4.0,Jerv,2,2,Brann,Rikard Norling,1,2,2
30.04.2015,2015,5.0,Brann,4,1,Ranheim,Rikard Norling,3,4,1
03.05.2015,2015,6.0,Bryne,0,1,Brann,Rikard Norling,3,1,0
09.05.2015,2015,7.0,Brann,0,0,Sandnes Ulf,Rikard Norling,1,0,0
12.05.2015,2015,8.0,Hønefoss,0,0,Brann,Rikard Norling,1,0,0
16.05.2015,2015,9.0,Brann,2,2,Nest-Sotra,Rikard Norling,1,2,2
26.05.2015,2015,10.0,Levanger,4,1,Brann,Rikard Norling,0,1,4
01.06.2015,2015,11.0,Brann,2,1,Follo,Lars Arne Nilsen,3,2,1
07.06.2015,2015,12.0,Åsane,2,3,Brann,Lars Arne Nilsen,3,3,2
21.06.2015,2015,13.0,Brann,0,4,Sogndal,Lars Arne Nilsen,0,0,4
29.06.2015,2015,14.0,Bærum,1,1,Brann,Lars Arne Nilsen,1,1,1
06.07.2015,2015,15.0,Brann,2,1,Kristiansund BK,Lars Arne Nilsen,3,2,1
28.07.2015,2015,16.0,Follo,0,1,Brann,Lars Arne Nilsen,3,1,0
03.08.2015,2015,17.0,Brann,1,0,Levanger,Lars Arne Nilsen,3,1,0
08.08.2015,2015,18.0,Sandnes Ulf,1,1,Brann,Lars Arne Nilsen,1,1,1
12.08.2015,2015,19.0,Brann,2,2,Åsane,Lars Arne Nilsen,1,2,2
17.08.2015,2015,20.0,Sogndal,0,0,Brann,Lars Arne Nilsen,1,0,0
23.08.2015,2015,21.0,Brann,3,0,Hønefoss,Lars Arne Nilsen,3,3,0
30.08.2015,2015,22.0,Strømmen,2,3,Brann,Lars Arne Nilsen,3,3,2
14.09.2015,2015,23.0,Brann,5,1,Fredrikstad,Lars Arne Nilsen,3,5,1
21.09.2015,2015,24.0,Ranheim TF,0,0,Brann,Lars Arne Nilsen,1,0,0
28.09.2015,2015,25.0,Brann,2,1,Bryne,Lars Arne Nilsen,3,2,1
04.10.2015,2015,26.0,Kristiansund BK,0,1,Brann,Lars Arne Nilsen,3,1,0
14.10.2015,2015,27.0,Brann,2,0,Jerv,Lars Arne Nilsen,3,2,0
19.10.2015,2015,28.0,Brann,2,2,Bærum,Lars Arne Nilsen,1,2,2
25.10.2015,2015,29.0,Øygarden,2,1,Brann,Lars Arne Nilsen,0,1,2
01.11.2015,2015,30.0,Brann,1,2,Hødd,Lars Arne Nilsen,0,1,2
13.03.2016,2016,1.0,Strømsgodset,2,2,Brann,Lars Arne Nilsen,1,2,2
20.03.2016,2016,2.0,Brann,0,0,Odd,Lars Arne Nilsen,1,0,0
03.04.2016,2016,3.0,Aalesund,1,2,Brann,Lars Arne Nilsen,3,2,1
10.04.2016,2016,4.0,Brann,1,0,Bodø/Glimt,Lars Arne Nilsen,3,1,0
16.04.2016,2016,5.0,Rosenborg,3,0,Brann,Lars Arne Nilsen,0,0,3
20.04.2016,2016,6.0,Viking,0,1,Brann,Lars Arne Nilsen,3,1,0
23.04.2016,2016,7.0,Brann,2,0,Sogndal,Lars Arne Nilsen,3,2,0
01.05.2016,2016,8.0,Tromsø,1,0,Brann,Lars Arne Nilsen,0,0,1
07.05.2016,2016,9.0,Brann,1,0,Start,Lars Arne Nilsen,3,1,0
11.05.2016,2016,10.0,Lillestrøm,1,0,Brann,Lars Arne Nilsen,0,0,1
16.05.2016,2016,11.0,Brann,1,0,Stabæk,Lars Arne Nilsen,3,1,0
21.05.2016,2016,12.0,Molde,2,0,Brann,Lars Arne Nilsen,0,0,2
29.05.2016,2016,13.0,Brann,1,0,Haugesund,Lars Arne Nilsen,3,1,0
03.07.2016,2016,14.0,Sarpsborg 08,1,0,Brann,Lars Arne Nilsen,0,0,1
09.07.2016,2016,15.0,Brann,4,1,Vålerenga,Lars Arne Nilsen,3,4,1
17.07.2016,2016,16.0,Stabæk,1,1,Brann,Lars Arne Nilsen,1,1,1
22.07.2016,2016,17.0,Brann,6,0,Aalesund,Lars Arne Nilsen,3,6,0
31.07.2016,2016,18.0,Odd,1,3,Brann,Lars Arne Nilsen,3,3,1
07.08.2016,2016,19.0,Brann,1,0,Strømsgodset,Lars Arne Nilsen,3,1,0
13.08.2016,2016,20.0,Vålerenga,3,2,Brann,Lars Arne Nilsen,0,2,3
21.08.2016,2016,21.0,Brann,1,1,Rosenborg,Lars Arne Nilsen,1,1,1
27.08.2016,2016,22.0,Haugesund,3,2,Brann,Lars Arne Nilsen,0,2,3
10.09.2016,2016,23.0,Brann,0,0,Viking,Lars Arne Nilsen,1,0,0
18.09.2016,2016,24.0,Bodø/Glimt,1,3,Brann,Lars Arne Nilsen,3,3,1
25.09.2016,2016,25.0,Brann,1,0,Tromsø,Lars Arne Nilsen,3,1,0
01.10.2016,2016,26.0,Sogndal,0,0,Brann,Lars Arne Nilsen,1,0,0
16.10.2016,2016,27.0,Brann,1,2,Lillestrøm,Lars Arne Nilsen,0,1,2
22.10.2016,2016,28.0,Brann,2,1,Molde,Lars Arne Nilsen,3,2,1
30.10.2016,2016,29.0,Start,1,2,Brann,Lars Arne Nilsen,3,2,1
06.11.2016,2016,30.0,Brann,2,1,Sarpsborg 08,Lars Arne Nilsen,3,2,1
02.04.2017,2017,1.0,Tromsø,1,1,Brann,Lars Arne Nilsen,1,1,1
06.04.2017,2017,2.0,Brann,3,0,Strømsgodset,Lars Arne Nilsen,3,3,0
10.04.2017,2017,3.0,Kristiansund BK,1,0,Brann,Lars Arne Nilsen,0,0,1
17.04.2017,2017,4.0,Brann,3,1,Haugesund,Lars Arne Nilsen,3,3,1
23.04.2017,2017,5.0,Lillestrøm,0,2,Brann,Lars Arne Nilsen,3,2,0
29.04.2017,2017,6.0,Brann,1,1,Viking,Lars Arne Nilsen,1,1,1
07.05.2017,2017,7.0,Rosenborg,2,1,Brann,Lars Arne Nilsen,0,1,2
13.05.2017,2017,8.0,Brann,4,1,Molde,Lars Arne Nilsen,3,4,1
16.05.2017,2017,9.0,Brann,5,0,Sandefjord,Lars Arne Nilsen,3,5,0
20.05.2017,2017,10.0,Sogndal,2,3,Brann,Lars Arne Nilsen,3,3,2
28.05.2017,2017,11.0,Brann,1,1,Aalesund,Lars Arne Nilsen,1,1,1
04.06.2017,2017,12.0,Odd,0,0,Brann,Lars Arne Nilsen,1,0,0
19.06.2017,2017,13.0,Brann,5,0,Stabæk,Lars Arne Nilsen,3,5,0
25.06.2017,2017,14.0,Sarpsborg 08,1,1,Brann,Lars Arne Nilsen,1,1,1
02.07.2017,2017,15.0,Brann,0,0,Vålerenga,Lars Arne Nilsen,1,0,0
09.07.2017,2017,16.0,Stabæk,2,0,Brann,Lars Arne Nilsen,0,0,2
16.07.2017,2017,17.0,Brann,0,1,Sarpsborg 08,Lars Arne Nilsen,0,0,1
06.08.2017,2017,18.0,Aalesund,3,3,Brann,Lars Arne Nilsen,1,3,3
13.08.2017,2017,19.0,Brann,2,0,Odd,Lars Arne Nilsen,3,2,0
20.08.2017,2017,20.0,Viking,2,4,Brann,Lars Arne Nilsen,3,4,2
09.09.2017,2017,21.0,Brann,2,1,Sogndal,Lars Arne Nilsen,3,2,1
17.09.2017,2017,22.0,Sandefjord,0,1,Brann,Lars Arne Nilsen,3,1,0
24.09.2017,2017,23.0,Vålerenga,2,1,Brann,Lars Arne Nilsen,0,1,2
29.09.2017,2017,24.0,Brann,0,4,Kristiansund BK,Lars Arne Nilsen,0,0,4
15.10.2017,2017,25.0,Molde,1,0,Brann,Lars Arne Nilsen,0,0,1
22.10.2017,2017,26.0,Brann,0,3,Rosenborg,Lars Arne Nilsen,0,0,3
28.10.2017,2017,27.0,Haugesund,2,3,Brann,Lars Arne Nilsen,3,3,2
05.11.2017,2017,28.0,Brann,2,0,Lillestrøm,Lars Arne Nilsen,3,2,0
19.11.2017,2017,29.0,Strømsgodset,2,1,Brann,Lars Arne Nilsen,0,1,2
26.11.2017,2017,30.0,Brann,2,2,Tromsø,Lars Arne Nilsen,1,2,2
18.03.2018,2018,1.0,Brann,2,0,Bodø/Glimt,Lars Arne Nilsen,3,2,0
02.04.2018,2018,2.0,Strømsgodset,1,1,Brann,Lars Arne Nilsen,1,1,1
08.04.2018,2018,3.0,Brann,1,0,Kristiansund BK,Lars Arne Nilsen,3,1,0
15.04.2018,2018,4.0,Sarpsborg 08,1,2,Brann,Lars Arne Nilsen,3,2,1
21.04.2018,2018,5.0,Brann,3,0,Stabæk,Lars Arne Nilsen,3,3,0
25.04.2018,2018,6.0,Ranheim TF,0,2,Brann,Lars Arne Nilsen,3,2,0
29.04.2018,2018,7.0,Sandefjord,0,1,Brann,Lars Arne Nilsen,3,1,0
06.05.2018,2018,8.0,Brann,3,0,Tromsø,Lars Arne Nilsen,3,3,0
12.05.2018,2018,9.0,Start,0,1,Brann,Lars Arne Nilsen,3,1,0
16.05.2018,2018,10.0,Brann,1,1,Haugesund,Lars Arne Nilsen,1,1,1
21.05.2018,2018,11.0,Lillestrøm,1,1,Brann,Lars Arne Nilsen,1,1,1
27.05.2018,2018,12.0,Rosenborg,1,2,Brann,Lars Arne Nilsen,3,2,1
10.06.2018,2018,13.0,Brann,0,0,Vålerenga,Lars Arne Nilsen,1,0,0
25.06.2018,2018,14.0,Odd,0,1,Brann,Lars Arne Nilsen,3,1,0
01.07.2018,2018,15.0,Brann,0,4,Molde,Lars Arne Nilsen,0,0,4
08.07.2018,2018,16.0,Bodø/Glimt,2,2,Brann,Lars Arne Nilsen,1,2,2
06.08.2018,2018,17.0,Brann,4,1,Start,Lars Arne Nilsen,3,4,1
12.08.2018,2018,18.0,Molde,5,1,Brann,Lars Arne Nilsen,0,1,5
19.08.2018,2018,19.0,Brann,2,0,Sarpsborg 08,Lars Arne Nilsen,3,2,0
26.08.2018,2018,20.0,Vålerenga,2,0,Brann,Lars Arne Nilsen,0,0,2
02.09.2018,2018,21.0,Brann,1,0,Ranheim TF,Lars Arne Nilsen,3,1,0
15.09.2018,2018,22.0,Haugesund,1,3,Brann,Lars Arne Nilsen,3,3,1
23.09.2018,2018,23.0,Brann,1,1,Sandefjord,Lars Arne Nilsen,1,1,1
01.10.2018,2018,24.0,Tromsø,2,1,Brann,Lars Arne Nilsen,0,1,2
07.10.2018,2018,25.0,Brann,1,1,Lillestrøm,Lars Arne Nilsen,1,1,1
21.10.2018,2018,26.0,Stabæk,1,2,Brann,Lars Arne Nilsen,3,2,1
28.10.2018,2018,27.0,Brann,1,2,Rosenborg,Lars Arne Nilsen,0,1,2
04.11.2018,2018,28.0,Brann,3,1,Strømsgodset,Lars Arne Nilsen,3,3,1
11.11.2018,2018,29.0,Kristiansund BK,3,1,Brann,Lars Arne Nilsen,0,1,3
24.11.2018,2018,30.0,Brann,1,0,Odd MAX,Lars Arne Nilsen,3,1,0
30.03.2019,2019,1.0,Odd,3,2,Brann,Lars Arne Nilsen,0,2,3
07.04.2019,2019,2.0,Brann,1,1,Strømsgodset,Lars Arne Nilsen,1,1,1
10.04.2019,2019,3.0,Brann,2,1,Kristiansund BK,Lars Arne Nilsen,3,2,1
13.04.2019,2019,4.0,Viking,2,1,Brann,Lars Arne Nilsen,0,1,2
22.04.2019,2019,5.0,Brann,1,1,Vålerenga,Lars Arne Nilsen,1,1,1
28.04.2019,2019,6.0,Tromsø,1,2,Brann,Lars Arne Nilsen,3,2,1
05.05.2019,2019,7.0,Brann,0,1,Ranheim TF,Lars Arne Nilsen,0,0,1
12.05.2019,2019,8.0,Stabæk,0,1,Brann,Lars Arne Nilsen,3,1,0
16.05.2019,2019,9.0,Brann,2,1,Sarpsborg 08,Lars Arne Nilsen,3,2,1
19.05.2019,2019,10.0,Bodø/Glimt,1,2,Brann,Lars Arne Nilsen,3,2,1
26.05.2019,2019,11.0,Brann,0,1,Rosenborg,Lars Arne Nilsen,0,0,1
15.06.2019,2019,12.0,Haugesund,1,1,Brann,Lars Arne Nilsen,1,1,1
23.06.2019,2019,13.0,Brann,1,0,Lillestrøm,Lars Arne Nilsen,3,1,0
30.06.2019,2019,14.0,Molde,1,1,Brann,Lars Arne Nilsen,1,1,1
05.07.2019,2019,15.0,Brann,0,0,Mjøndalen,Lars Arne Nilsen,1,0,0
21.07.2019,2019,16.0,Brann,2,1,Stabæk,Lars Arne Nilsen,3,2,1
04.08.2019,2019,17.0,Ranheim TF,0,3,Brann,Lars Arne Nilsen,3,3,0
18.08.2019,2019,18.0,Mjøndalen,2,1,Brann,Lars Arne Nilsen,0,1,2
25.08.2019,2019,19.0,Brann,2,3,Tromsø,Lars Arne Nilsen,0,2,3
01.09.2019,2019,20.0,Lillestrøm,1,3,Brann,Lars Arne Nilsen,3,3,1
15.09.2019,2019,21.0,Kristiansund BK,1,0,Brann,Lars Arne Nilsen,0,0,1
21.09.2019,2019,22.0,Brann,0,0,Haugesund,Lars Arne Nilsen,1,0,0
28.09.2019,2019,23.0,Rosenborg,0,0,Brann,Lars Arne Nilsen,1,0,0
06.10.2019,2019,24.0,Brann,0,0,Molde,Lars Arne Nilsen,1,0,0
20.10.2019,2019,25.0,Sarpsborg 08,1,1,Brann,Lars Arne Nilsen,1,1,1
28.10.2019,2019,26.0,Brann,1,1,Bodø/Glimt,Lars Arne Nilsen,1,1,1
03.11.2019,2019,27.0,Vålerenga,1,0,Brann,Lars Arne Nilsen,0,0,1
08.11.2019,2019,28.0,Brann,1,0,Odd,Lars Arne Nilsen,3,1,0
24.11.2019,2019,29.0,Strømsgodset,6,0,Brann,Lars Arne Nilsen,0,0,6
01.12.2019,2019,30.0,Brann,1,5,Viking,Lars Arne Nilsen,0,1,5
17.06.2020,2020,1.0,Haugesund,1,2,Brann,Lars Arne Nilsen,3,2,1
21.06.2020,2020,2.0,Brann,3,0,Viking,Lars Arne Nilsen,3,3,0
24.06.2020,2020,3.0,Aalesund,2,2,Brann,Lars Arne Nilsen,1,2,2
28.06.2020,2020,4.0,Brann,1,2,Rosenborg,Lars Arne Nilsen,0,1,2
02.07.2020,2020,5.0,Sarpsborg 08,0,1,Brann,Lars Arne Nilsen,3,1,0
05.07.2020,2020,6.0,Bodø/Glimt,5,0,Brann,Lars Arne Nilsen,0,0,5
12.07.2020,2020,7.0,Brann,3,1,Sandefjord,Lars Arne Nilsen,3,3,1
15.07.2020,2020,8.0,Odd,1,0,Brann,Lars Arne Nilsen,0,0,1
19.07.2020,2020,9.0,Brann,1,1,Start,Lars Arne Nilsen,1,1,1
25.07.2020,2020,10.0,Brann,1,1,Kristiansund BK,Lars Arne Nilsen,1,1,1
29.07.2020,2020,11.0,Strømsgodset,3,1,Brann,Lars Arne Nilsen,0,1,3
01.08.2020,2020,12.0,Brann,1,2,Vålerenga,Lars Arne Nilsen,0,1,2
