from_year,to_year,level,from_id,to_id,change_type,source_file
2020,2021,county,01,30,merge,data/raw/region-transitions/fylker_2020_2021.json
2020,2021,county,02,30,merge,data/raw/region-transitions/fylker_2020_2021.json
2020,2021,county,04,34,merge,data/raw/region-transitions/fylker_2020_2021.json
2020,2021,county,05,34,merge,data/raw/region-transitions/fylker_2020_2021.json
2020,2021,county,06,33,renumbered,data/raw/region-transitions/fylker_2020_2021.json
2020,2021,county,07,38,merge,data/raw/region-transitions/fylker_2020_2021.json
2020,2021,county,08,38,merge,data/raw/region-transitions/fylker_2020_2021.json
2020,2021,county,09,42,merge,data/raw/region-transitions/fylker_2020_2021.json
2020,2021,county,10,42,merge,data/raw/region-transitions/fylker_2020_2021.json
2020,2021,county,12,46,merge,data/raw/region-transitions/fylker_2020_2021.json
2020,2021,county,14,46,merge,data/raw/region-transitions/fylker_2020_2021.json
2020,2021,county,19,54,merge,data/raw/region-transitions/fylker_2020_2021.json
2020,2021,county,20,54,merge,data/raw/region-transitions/fylker_2020_2021.json
2021,2025,county,01,31,renumbered,data/raw/region-transitions/fylker_2021_2025.json
2021,2025,county,02,32,renumbered,data/raw/region-transitions/fylker_2021_2025.json
2021,2025,county,06,33,renumbered,data/raw/region-transitions/fylker_2021_2025.json
2021,2025,county,07,39,renumbered,data/raw/region-transitions/fylker_2021_2025.json
2021,2025,county,08,40,renumbered,data/raw/region-transitions/fylker_2021_2025.json
2021,2025,county,19,55,renumbered,data/raw/region-transitions/fylker_2021_2025.json
2021,2025,county,20,56,renumbered,data/raw/region-transitions/fylker_2021_2025.json
2024,2025,county,30,31,split,data/raw/region-transitions/fylker_2024_2025.json
2024,2025,county,30,32,split,data/raw/region-transitions/fylker_2024_2025.json
2024,2025,county,30,33,split,data/raw/region-transitions/fylker_2024_2025.json
2024,2025,county,38,39,split,data/raw/region-transitions/fylker_2024_2025.json
2024,2025,county,38,40,split,data/raw/region-transitions/fylker_2024_2025.json
2024,2025,county,54,55,split,data/raw/region-transitions/fylker_2024_2025.json
2024,2025,county,54,56,split,data/raw/region-transitions/fylker_2024_2025.json
2017,2021,municipality,0101,3001,renumbered,data/raw/region-transitions/kommuner_2017_2021.json
2017,2021,municipality,0104,3002,renumbered,data/raw/region-transitions/kommuner_2017_2021.json
2017,2021,municipality,0105,3003,renumbered,data/raw/region-transitions/kommuner_2017_2021.json
2017,2021,municipality,0106,3004,renumbered,data/raw/region-transitions/kommuner_2017_2021.json
2017,2021,municipality,0111,3011,renumbered,data/raw/region-transitions/kommuner_2017_2021.json
2017,2021,municipality,0118,3012,renumbered,data/raw/region-transitions/kommuner_2017_2021.json
2017,2021,municipality,0119,3013,renumbered,data/raw/region-transitions/kommuner_2017_2021.json
2017,2021,municipality,0127,3015,renumbered,data/raw/region-transitions/kommuner_2017_2021.json
2017,2021,municipality,0128,3016,renumbered,data/raw/region-transitions/kommuner_2017_2021.json
2017,2021,municipality,0135,3017,renumbered,data/raw/region-transitions/kommuner_2017_2021.json
2017,2021,municipality,0137,3419,merge,data/raw/region-transitions/kommuner_2017_2021.json
2017,2021,municipality,0211,3019,renumbered,data/raw/region-transitions/kommuner_2017_2021.json
2017,2021,municipality,0214,3021,renumbered,data/raw/region-transitions/kommuner_2017_2021.json
2017,2021,municipality,0215,3022,renumbered,data/raw/region-transitions/kommuner_2017_2021.json
2017,2021,municipality,0216,3023,renumbered,data/raw/region-transitions/kommuner_2017_2021.json
2017,2021,municipality,0219,3024,renumbered,data/raw/region-transitions/kommuner_2017_2021.json
2017,2021,municipality,0220,3025,renumbered,data/raw/region-transitions/kommuner_2017_2021.json
2017,2021,municipality,0228,3027,renumbered,data/raw/region-transitions/kommuner_2017_2021.json
2017,2021,municipality,0229,3028,renumbered,data/raw/region-transitions/kommuner_2017_2021.json
2017,2021,municipality,0230,3029,renumbered,data/raw/region-transitions/kommuner_2017_2021.json
2017,2021,municipality,0233,3031,renumbered,data/raw/region-transitions/kommuner_2017_2021.json
2017,2021,municipality,0234,3032,renumbered,data/raw/region-transitions/kommuner_2017_2021.json
2017,2021,municipality,0235,3033,renumbered,data/raw/region-transitions/kommuner_2017_2021.json
2017,2021,municipality,0236,3034,merge,data/raw/region-transitions/kommuner_2017_2021.json
2017,2021,municipality,0237,3035,renumbered,data/raw/region-transitions/kommuner_2017_2021.json
2017,2021,municipality,0238,3036,renumbered,data/raw/region-transitions/kommuner_2017_2021.json
2017,2021,municipality,0239,3037,renumbered,data/raw/region-transitions/kommuner_2017_2021.json
2017,2021,municipality,0402,3401,renumbered,data/raw/region-transitions/kommuner_2017_2021.json
2017,2021,municipality,0403,3403,renumbered,data/raw/region-transitions/kommuner_2017_2021.json
2017,2021,municipality,0412,3411,renumbered,data/raw/region-transitions/kommuner_2017_2021.json
2017,2021,municipality,0415,3412,renumbered,data/raw/region-transitions/kommuner_2017_2021.json
2017,2021,municipality,0417,3413,renumbered,data/raw/region-transitions/kommuner_2017_2021.json
2017,2021,municipality,0418,3414,renumbered,data/raw/region-transitions/kommuner_2017_2021.json
2017,2021,municipality,0419,3415,renumbered,data/raw/region-transitions/kommuner_2017_2021.json
2017,2021,municipality,0420,3416,renumbered,data/raw/region-transitions/kommuner_2017_2021.json
2017,2021,municipality,0423,3417,renumbered,data/raw/region-transitions/kommuner_2017_2021.json
2017,2021,municipality,0425,3418,renumbered,data/raw/region-transitions/kommuner_2017_2021.json
2017,2021,municipality,0426,3419,merge,data/raw/region-transitions/kommuner_2017_2021.json
2017,2021,municipality,0427,3420,renumbered,data/raw/region-transitions/kommuner_2017_2021.json
2017,2021,municipality,0428,3421,renumbered,data/raw/region-transitions/kommuner_2017_2021.json
2017,2021,municipality,0429,3422,renumbered,data/raw/region-transitions/kommuner_2017_2021.json
2017,2021,municipality,0430,3423,renumbered,data/raw/region-transitions/kommuner_2017_2021.json
2017,2021,municipality,0432,3424,renumbered,data/raw/region-transitions/kommuner_2017_2021.json
2017,2021,municipality,0434,3425,renumbered,data/raw/region-transitions/kommuner_2017_2021.json
2017,2021,municipality,0436,3426,renumbered,data/raw/region-transitions/kommuner_2017_2021.json
2017,2021,municipality,0437,3427,renumbered,data/raw/region-transitions/kommuner_2017_2021.json
2017,2021,municipality,0438,3428,renumbered,data/raw/region-transitions/kommuner_2017_2021.json
2017,2021,municipality,0439,3429,renumbered,data/raw/region-transitions/kommuner_2017_2021.json
2017,2021,municipality,0441,3430,merge,data/raw/region-transitions/kommuner_2017_2021.json
2017,2021,municipality,0501,3405,renumbered,data/raw/region-transitions/kommuner_2017_2021.json
2017,2021,municipality,0502,3407,renumbered,data/raw/region-transitions/kommuner_2017_2021.json
2017,2021,municipality,0511,3431,renumbered,data/raw/region-transitions/kommuner_2017_2021.json
2017,2021,municipality,0512,3432,renumbered,data/raw/region-transitions/kommuner_2017_2021.json
2017,2021,municipality,0513,3433,renumbered,data/raw/region-transitions/kommuner_2017_2021.json
2017,2021,municipality,0514,3434,renumbered,data/raw/region-transitions/kommuner_2017_2021.json
2017,2021,municipality,0515,3435,renumbered,data/raw/region-transitions/kommuner_2017_2021.json
2017,2021,municipality,0516,3436,renumbered,data/raw/region-transitions/kommuner_2017_2021.json
2017,2021,municipality,0517,3437,renumbered,data/raw/region-transitions/kommuner_2017_2021.json
2017,2021,municipality,0519,3438,renumbered,data/raw/region-transitions/kommuner_2017_2021.json
2017,2021,municipality,0520,3439,renumbered,data/raw/region-transitions/kommuner_2017_2021.json
2017,2021,municipality,0521,3440,renumbered,data/raw/region-transitions/kommuner_2017_2021.json
2017,2021,municipality,0522,3441,renumbered,data/raw/region-transitions/kommuner_2017_2021.json
2017,2021,municipality,0528,3442,renumbered,data/raw/region-transitions/kommuner_2017_2021.json
2017,2021,municipality,0529,3443,renumbered,data/raw/region-transitions/kommuner_2017_2021.json
2017,2021,municipality,0532,3053,renumbered,data/raw/region-transitions/kommuner_2017_2021.json
2017,2021,municipality,0533,3054,renumbered,data/raw/region-transitions/kommuner_2017_2021.json
2017,2021,municipality,0534,3446,renumbered,data/raw/region-transitions/kommuner_2017_2021.json
2017,2021,municipality,0536,3447,renumbered,data/raw/region-transitions/kommuner_2017_2021.json
2017,2021,municipality,0538,3448,renumbered,data/raw/region-transitions/kommuner_2017_2021.json
2017,2021,municipality,0540,3449,renumbered,data/raw/region-transitions/kommuner_2017_2021.json
2017,2021,municipality,0541,3450,renumbered,data/raw/region-transitions/kommuner_2017_2021.json
2017,2021,municipality,0542,3451,renumbered,data/raw/region-transitions/kommuner_2017_2021.json
2017,2021,municipality,0543,3452,renumbered,data/raw/region-transitions/kommuner_2017_2021.json
2017,2021,municipality,0544,3453,renumbered,data/raw/region-transitions/kommuner_2017_2021.json
2017,2021,municipality,0545,3454,renumbered,data/raw/region-transitions/kommuner_2017_2021.json
2017,2021,municipality,0602,3005,renumbered,data/raw/region-transitions/kommuner_2017_2021.json
2017,2021,municipality,0604,3006,renumbered,data/raw/region-transitions/kommuner_2017_2021.json
2017,2021,municipality,0605,3007,renumbered,data/raw/region-transitions/kommuner_2017_2021.json
2017,2021,municipality,0612,3038,renumbered,data/raw/region-transitions/kommuner_2017_2021.json
2017,2021,municipality,0615,3039,renumbered,data/raw/region-transitions/kommuner_2017_2021.json
2017,2021,municipality,0616,3034,merge,data/raw/region-transitions/kommuner_2017_2021.json
2017,2021,municipality,0617,3041,renumbered,data/raw/region-transitions/kommuner_2017_2021.json
2017,2021,municipality,0618,3042,renumbered,data/raw/region-transitions/kommuner_2017_2021.json
2017,2021,municipality,0619,3043,renumbered,data/raw/region-transitions/kommuner_2017_2021.json
2017,2021,municipality,0620,3044,renumbered,data/raw/region-transitions/kommuner_2017_2021.json
2017,2021,municipality,0621,3045,renumbered,data/raw/region-transitions/kommuner_2017_2021.json
2017,2021,municipality,0622,3046,renumbered,data/raw/region-transitions/kommuner_2017_2021.json
2017,2021,municipality,0623,3047,renumbered,data/raw/region-transitions/kommuner_2017_2021.json
2017,2021,municipality,0624,3048,renumbered,data/raw/region-transitions/kommuner_2017_2021.json
2017,2021,municipality,0626,3049,renumbered,data/raw/region-transitions/kommuner_2017_2021.json
2017,2021,municipality,0631,3050,renumbered,data/raw/region-transitions/kommuner_2017_2021.json
2017,2021,municipality,0632,3051,renumbered,data/raw/region-transitions/kommuner_2017_2021.json
2017,2021,municipality,0633,3052,renumbered,data/raw/region-transitions/kommuner_2017_2021.json
2017,2021,municipality,0701,3801,renumbered,data/raw/region-transitions/kommuner_2017_2021.json
2017,2021,municipality,0702,3802,renumbered,data/raw/region-transitions/kommuner_2017_2021.json
2017,2021,municipality,0704,3803,renumbered,data/raw/region-transitions/kommuner_2017_2021.json
2017,2021,municipality,0709,3805,renumbered,data/raw/region-transitions/kommuner_2017_2021.json
2017,2021,municipality,0710,3804,renumbered,data/raw/region-transitions/kommuner_2017_2021.json
2017,2021,municipality,0805,3806,renumbered,data/raw/region-transitions/kommuner_2017_2021.json
2017,2021,municipality,0806,3807,renumbered,data/raw/region-transitions/kommuner_2017_2021.json
2017,2021,municipality,0807,3808,renumbered,data/raw/region-transitions/kommuner_2017_2021.json
2017,2021,municipality,0811,3812,renumbered,data/raw/region-transitions/kommuner_2017_2021.json
2017,2021,municipality,0814,3813,renumbered,data/raw/region-transitions/kommuner_2017_2021.json
2017,2021,municipality,0815,3814,renumbered,data/raw/region-transitions/kommuner_2017_2021.json
2017,2021,municipality,0817,3815,renumbered,data/raw/region-transitions/kommuner_2017_2021.json
2017,2021,municipality,0819,3816,renumbered,data/raw/region-transitions/kommuner_2017_2021.json
2017,2021,municipality,0826,3818,renumbered,data/raw/region-transitions/kommuner_2017_2021.json
2017,2021,municipality,0827,3819,renumbered,data/raw/region-transitions/kommuner_2017_2021.json
2017,2021,municipality,0828,3820,renumbered,data/raw/region-transitions/kommuner_2017_2021.json
2017,2021,municipality,0829,3821,renumbered,data/raw/region-transitions/kommuner_2017_2021.json
2017,2021,municipality,0830,3822,renumbered,data/raw/region-transitions/kommuner_2017_2021.json
2017,2021,municipality,0831,3823,renumbered,data/raw/region-transitions/kommuner_2017_2021.json
2017,2021,municipality,0833,3824,renumbered,data/raw/region-transitions/kommuner_2017_2021.json
2017,2021,municipality,0834,3825,renumbered,data/raw/region-transitions/kommuner_2017_2021.json
2017,2021,municipality,0901,4201,renumbered,data/raw/region-transitions/kommuner_2017_2021.json
2017,2021,municipality,0904,4202,renumbered,data/raw/region-transitions/kommuner_2017_2021.json
2017,2021,municipality,0906,4203,renumbered,data/raw/region-transitions/kommuner_2017_2021.json
2017,2021,municipality,0911,4211,renumbered,data/raw/region-transitions/kommuner_2017_2021.json
2017,2021,municipality,0912,4212,renumbered,data/raw/region-transitions/kommuner_2017_2021.json
2017,2021,municipality,0914,4213,renumbered,data/raw/region-transitions/kommuner_2017_2021.json
2017,2021,municipality,0919,4214,renumbered,data/raw/region-transitions/kommuner_2017_2021.json
2017,2021,municipality,0926,4215,renumbered,data/raw/region-transitions/kommuner_2017_2021.json
2017,2021,municipality,0928,4216,renumbered,data/raw/region-transitions/kommuner_2017_2021.json
2017,2021,municipality,0929,4217,renumbered,data/raw/region-transitions/kommuner_2017_2021.json
2017,2021,municipality,0935,4218,renumbered,data/raw/region-transitions/kommuner_2017_2021.json
2017,2021,municipality,0937,4219,renumbered,data/raw/region-transitions/kommuner_2017_2021.json
2017,2021,municipality,0938,4220,renumbered,data/raw/region-transitions/kommuner_2017_2021.json
2017,2021,municipality,0940,4221,renumbered,data/raw/region-transitions/kommuner_2017_2021.json
2017,2021,municipality,0941,4222,renumbered,data/raw/region-transitions/kommuner_2017_2021.json
2017,2021,municipality,1001,4204,renumbered,data/raw/region-transitions/kommuner_2017_2021.json
2017,2021,municipality,1003,4206,renumbered,data/raw/region-transitions/kommuner_2017_2021.json
2017,2021,municipality,1004,4207,renumbered,data/raw/region-transitions/kommuner_2017_2021.json
2017,2021,municipality,1014,4223,renumbered,data/raw/region-transitions/kommuner_2017_2021.json
2017,2021,municipality,1026,4224,renumbered,data/raw/region-transitions/kommuner_2017_2021.json
2017,2021,municipality,1029,4205,renumbered,data/raw/region-transitions/kommuner_2017_2021.json
2017,2021,municipality,1032,4225,renumbered,data/raw/region-transitions/kommuner_2017_2021.json
2017,2021,municipality,1034,4226,renumbered,data/raw/region-transitions/kommuner_2017_2021.json
2017,2021,municipality,1037,4227,renumbered,data/raw/region-transitions/kommuner_2017_2021.json
2017,2021,municipality,1046,4228,renumbered,data/raw/region-transitions/kommuner_2017_2021.json
2017,2021,municipality,1102,1108,renumbered,data/raw/region-transitions/kommuner_2017_2021.json
2017,2021,municipality,1201,4601,renumbered,data/raw/region-transitions/kommuner_2017_2021.json
2017,2021,municipality,1211,4611,renumbered,data/raw/region-transitions/kommuner_2017_2021.json
2017,2021,municipality,1216,4612,renumbered,data/raw/region-transitions/kommuner_2017_2021.json
2017,2021,municipality,1219,4613,renumbered,data/raw/region-transitions/kommuner_2017_2021.json
2017,2021,municipality,1221,4614,renumbered,data/raw/region-transitions/kommuner_2017_2021.json
2017,2021,municipality,1222,4615,renumbered,data/raw/region-transitions/kommuner_2017_2021.json
2017,2021,municipality,1223,4616,renumbered,data/raw/region-transitions/kommuner_2017_2021.json
2017,2021,municipality,1224,4617,renumbered,data/raw/region-transitions/kommuner_2017_2021.json
2017,2021,municipality,1231,4618,renumbered,data/raw/region-transitions/kommuner_2017_2021.json
2017,2021,municipality,1232,4619,renumbered,data/raw/region-transitions/kommuner_2017_2021.json
2017,2021,municipality,1233,4620,renumbered,data/raw/region-transitions/kommuner_2017_2021.json
2017,2021,municipality,1235,4621,renumbered,data/raw/region-transitions/kommuner_2017_2021.json
2017,2021,municipality,1238,4622,renumbered,data/raw/region-transitions/kommuner_2017_2021.json
2017,2021,municipality,1242,4623,renumbered,data/raw/region-transitions/kommuner_2017_2021.json
2017,2021,municipality,1243,3430,merge,data/raw/region-transitions/kommuner_2017_2021.json
2017,2021,municipality,1244,4625,renumbered,data/raw/region-transitions/kommuner_2017_2021.json
2017,2021,municipality,1247,4627,renumbered,data/raw/region-transitions/kommuner_2017_2021.json
2017,2021,municipality,1251,4628,renumbered,data/raw/region-transitions/kommuner_2017_2021.json
2017,2021,municipality,1252,4629,renumbered,data/raw/region-transitions/kommuner_2017_2021.json
2017,2021,municipality,1253,4630,renumbered,data/raw/region-transitions/kommuner_2017_2021.json
2017,2021,municipality,1259,4626,renumbered,data/raw/region-transitions/kommuner_2017_2021.json
2017,2021,municipality,1264,4632,renumbered,data/raw/region-transitions/kommuner_2017_2021.json
2017,2021,municipality,1265,4633,renumbered,data/raw/region-transitions/kommuner_2017_2021.json
2017,2021,municipality,1266,4634,renumbered,data/raw/region-transitions/kommuner_2017_2021.json
2017,2021,municipality,1411,4635,renumbered,data/raw/region-transitions/kommuner_2017_2021.json
2017,2021,municipality,1412,4636,renumbered,data/raw/region-transitions/kommuner_2017_2021.json
2017,2021,municipality,1413,4637,renumbered,data/raw/region-transitions/kommuner_2017_2021.json
2017,2021,municipality,1416,4638,renumbered,data/raw/region-transitions/kommuner_2017_2021.json
2017,2021,municipality,1417,4639,renumbered,data/raw/region-transitions/kommuner_2017_2021.json
2017,2021,municipality,1420,4640,renumbered,data/raw/region-transitions/kommuner_2017_2021.json
2017,2021,municipality,1421,4641,renumbered,data/raw/region-transitions/kommuner_2017_2021.json
2017,2021,municipality,1422,4642,renumbered,data/raw/region-transitions/kommuner_2017_2021.json
2017,2021,municipality,1424,4643,renumbered,data/raw/region-transitions/kommuner_2017_2021.json
2017,2021,municipality,1426,4644,renumbered,data/raw/region-transitions/kommuner_2017_2021.json
2017,2021,municipality,1428,4645,renumbered,data/raw/region-transitions/kommuner_2017_2021.json
2017,2021,municipality,1429,4646,renumbered,data/raw/region-transitions/kommuner_2017_2021.json
2017,2021,municipality,1438,4648,renumbered,data/raw/region-transitions/kommuner_2017_2021.json
2017,2021,municipality,1445,4650,renumbered,data/raw/region-transitions/kommuner_2017_2021.json
2017,2021,municipality,1449,4651,renumbered,data/raw/region-transitions/kommuner_2017_2021.json
2017,2021,municipality,1502,1506,renumbered,data/raw/region-transitions/kommuner_2017_2021.json
2017,2021,municipality,1504,1507,renumbered,data/raw/region-transitions/kommuner_2017_2021.json
2017,2021,municipality,1519,1577,renumbered,data/raw/region-transitions/kommuner_2017_2021.json
2017,2021,municipality,1567,5061,renumbered,data/raw/region-transitions/kommuner_2017_2021.json
2017,2021,municipality,1601,5001,renumbered,data/raw/region-transitions/kommuner_2017_2021.json
2017,2021,municipality,1617,5056,renumbered,data/raw/region-transitions/kommuner_2017_2021.json
2017,2021,municipality,1620,5014,renumbered,data/raw/region-transitions/kommuner_2017_2021.json
2017,2021,municipality,1621,5057,renumbered,data/raw/region-transitions/kommuner_2017_2021.json
2017,2021,municipality,1630,5058,renumbered,data/raw/region-transitions/kommuner_2017_2021.json
2017,2021,municipality,1633,5020,renumbered,data/raw/region-transitions/kommuner_2017_2021.json
2017,2021,municipality,1634,5021,renumbered,data/raw/region-transitions/kommuner_2017_2021.json
2017,2021,municipality,1635,5022,renumbered,data/raw/region-transitions/kommuner_2017_2021.json
2017,2021,municipality,1640,5025,renumbered,data/raw/region-transitions/kommuner_2017_2021.json
2017,2021,municipality,1644,5026,renumbered,data/raw/region-transitions/kommuner_2017_2021.json
2017,2021,municipality,1648,5027,renumbered,data/raw/region-transitions/kommuner_2017_2021.json
2017,2021,municipality,1653,5028,renumbered,data/raw/region-transitions/kommuner_2017_2021.json
2017,2021,municipality,1657,5029,renumbered,data/raw/region-transitions/kommuner_2017_2021.json
2017,2021,municipality,1663,5031,renumbered,data/raw/region-transitions/kommuner_2017_2021.json
2017,2021,municipality,1664,5032,renumbered,data/raw/region-transitions/kommuner_2017_2021.json
2017,2021,municipality,1665,5033,renumbered,data/raw/region-transitions/kommuner_2017_2021.json
2017,2021,municipality,1702,5006,renumbered,data/raw/region-transitions/kommuner_2017_2021.json
2017,2021,municipality,1703,5007,renumbered,data/raw/region-transitions/kommuner_2017_2021.json
2017,2021,municipality,1711,5034,renumbered,data/raw/region-transitions/kommuner_2017_2021.json
2017,2021,municipality,1714,5035,renumbered,data/raw/region-transitions/kommuner_2017_2021.json
2017,2021,municipality,1717,5036,renumbered,data/raw/region-transitions/kommuner_2017_2021.json
2017,2021,municipality,1719,5037,renumbered,data/raw/region-transitions/kommuner_2017_2021.json
2017,2021,municipality,1721,5038,renumbered,data/raw/region-transitions/kommuner_2017_2021.json
2017,2021,municipality,1738,5042,renumbered,data/raw/region-transitions/kommuner_2017_2021.json
2017,2021,municipality,1740,5044,renumbered,data/raw/region-transitions/kommuner_2017_2021.json
2017,2021,municipality,1742,5045,renumbered,data/raw/region-transitions/kommuner_2017_2021.json
2017,2021,municipality,1743,5046,renumbered,data/raw/region-transitions/kommuner_2017_2021.json
2017,2021,municipality,1744,5047,renumbered,data/raw/region-transitions/kommuner_2017_2021.json
2017,2021,municipality,1749,5049,renumbered,data/raw/region-transitions/kommuner_2017_2021.json
2017,2021,municipality,1755,5052,renumbered,data/raw/region-transitions/kommuner_2017_2021.json
2017,2021,municipality,1756,5053,renumbered,data/raw/region-transitions/kommuner_2017_2021.json
2017,2021,municipality,1805,1806,renumbered,data/raw/region-transitions/kommuner_2017_2021.json
2017,2021,municipality,1852,5412,renumbered,data/raw/region-transitions/kommuner_2017_2021.json
2017,2021,municipality,1902,5401,renumbered,data/raw/region-transitions/kommuner_2017_2021.json
2017,2021,municipality,1903,5402,renumbered,data/raw/region-transitions/kommuner_2017_2021.json
2017,2021,municipality,1911,5411,renumbered,data/raw/region-transitions/kommuner_2017_2021.json
2017,2021,municipality,1917,5413,renumbered,data/raw/region-transitions/kommuner_2017_2021.json
2017,2021,municipality,1919,5414,renumbered,data/raw/region-transitions/kommuner_2017_2021.json
2017,2021,municipality,1922,5416,renumbered,data/raw/region-transitions/kommuner_2017_2021.json
2017,2021,municipality,1923,5417,renumbered,data/raw/region-transitions/kommuner_2017_2021.json
2017,2021,municipality,1924,5418,renumbered,data/raw/region-transitions/kommuner_2017_2021.json
2017,2021,municipality,1925,5419,renumbered,data/raw/region-transitions/kommuner_2017_2021.json
2017,2021,municipality,1926,5420,renumbered,data/raw/region-transitions/kommuner_2017_2021.json
2017,2021,municipality,1933,5422,renumbered,data/raw/region-transitions/kommuner_2017_2021.json
2017,2021,municipality,1936,5423,renumbered,data/raw/region-transitions/kommuner_2017_2021.json
2017,2021,municipality,1938,5424,renumbered,data/raw/region-transitions/kommuner_2017_2021.json
2017,2021,municipality,1941,5427,renumbered,data/raw/region-transitions/kommuner_2017_2021.json
2017,2021,municipality,1942,5428,renumbered,data/raw/region-transitions/kommuner_2017_2021.json
2017,2021,municipality,1943,5429,renumbered,data/raw/region-transitions/kommuner_2017_2021.json
2017,2021,municipality,2002,5404,renumbered,data/raw/region-transitions/kommuner_2017_2021.json
2017,2021,municipality,2003,5405,renumbered,data/raw/region-transitions/kommuner_2017_2021.json
2017,2021,municipality,2004,5406,renumbered,data/raw/region-transitions/kommuner_2017_2021.json
2017,2021,municipality,2012,5403,renumbered,data/raw/region-transitions/kommuner_2017_2021.json
2017,2021,municipality,2014,5432,renumbered,data/raw/region-transitions/kommuner_2017_2021.json
2017,2021,municipality,2015,5433,renumbered,data/raw/region-transitions/kommuner_2017_2021.json
2017,2021,municipality,2018,5434,renumbered,data/raw/region-transitions/kommuner_2017_2021.json
2017,2021,municipality,2019,5435,renumbered,data/raw/region-transitions/kommuner_2017_2021.json
2017,2021,municipality,2022,5438,renumbered,data/raw/region-transitions/kommuner_2017_2021.json
2017,2021,municipality,2023,5439,renumbered,data/raw/region-transitions/kommuner_2017_2021.json
2017,2021,municipality,2024,5440,renumbered,data/raw/region-transitions/kommuner_2017_2021.json
2017,2021,municipality,2028,5443,renumbered,data/raw/region-transitions/kommuner_2017_2021.json
2017,2021,municipality,2030,5444,renumbered,data/raw/region-transitions/kommuner_2017_2021.json
2021,2025,municipality,1507,1508,split,data/raw/region-transitions/kommuner_2021_2025.json
2021,2025,municipality,1507,1580,split,data/raw/region-transitions/kommuner_2021_2025.json
2021,2025,municipality,3001,3101,renumbered,data/raw/region-transitions/kommuner_2021_2025.json
2021,2025,municipality,3002,3103,renumbered,data/raw/region-transitions/kommuner_2021_2025.json
2021,2025,municipality,3003,3105,renumbered,data/raw/region-transitions/kommuner_2021_2025.json
2021,2025,municipality,3004,3107,renumbered,data/raw/region-transitions/kommuner_2021_2025.json
2021,2025,municipality,3005,3301,renumbered,data/raw/region-transitions/kommuner_2021_2025.json
2021,2025,municipality,3006,3303,renumbered,data/raw/region-transitions/kommuner_2021_2025.json
2021,2025,municipality,3007,3305,renumbered,data/raw/region-transitions/kommuner_2021_2025.json
2021,2025,municipality,3011,3110,renumbered,data/raw/region-transitions/kommuner_2021_2025.json
2021,2025,municipality,3012,3124,renumbered,data/raw/region-transitions/kommuner_2021_2025.json
2021,2025,municipality,3013,3122,renumbered,data/raw/region-transitions/kommuner_2021_2025.json
2021,2025,municipality,3014,3118,renumbered,data/raw/region-transitions/kommuner_2021_2025.json
2021,2025,municipality,3015,3116,renumbered,data/raw/region-transitions/kommuner_2021_2025.json
2021,2025,municipality,3016,3120,renumbered,data/raw/region-transitions/kommuner_2021_2025.json
2021,2025,municipality,3017,3112,renumbered,data/raw/region-transitions/kommuner_2021_2025.json
2021,2025,municipality,3018,3114,renumbered,data/raw/region-transitions/kommuner_2021_2025.json
2021,2025,municipality,3019,3216,renumbered,data/raw/region-transitions/kommuner_2021_2025.json
2021,2025,municipality,3020,3207,renumbered,data/raw/region-transitions/kommuner_2021_2025.json
2021,2025,municipality,3021,3218,renumbered,data/raw/region-transitions/kommuner_2021_2025.json
2021,2025,municipality,3022,3214,renumbered,data/raw/region-transitions/kommuner_2021_2025.json
2021,2025,municipality,3023,3212,renumbered,data/raw/region-transitions/kommuner_2021_2025.json
2021,2025,municipality,3024,3201,renumbered,data/raw/region-transitions/kommuner_2021_2025.json
2021,2025,municipality,3025,3203,renumbered,data/raw/region-transitions/kommuner_2021_2025.json
2021,2025,municipality,3027,3224,renumbered,data/raw/region-transitions/kommuner_2021_2025.json
2021,2025,municipality,3028,3220,renumbered,data/raw/region-transitions/kommuner_2021_2025.json
2021,2025,municipality,3029,3222,renumbered,data/raw/region-transitions/kommuner_2021_2025.json
2021,2025,municipality,3030,3205,renumbered,data/raw/region-transitions/kommuner_2021_2025.json
2021,2025,municipality,3031,3232,renumbered,data/raw/region-transitions/kommuner_2021_2025.json
2021,2025,municipality,3032,3230,renumbered,data/raw/region-transitions/kommuner_2021_2025.json
2021,2025,municipality,3033,3209,renumbered,data/raw/region-transitions/kommuner_2021_2025.json
2021,2025,municipality,3034,3228,renumbered,data/raw/region-transitions/kommuner_2021_2025.json
2021,2025,municipality,3035,3240,renumbered,data/raw/region-transitions/kommuner_2021_2025.json
2021,2025,municipality,3036,3238,renumbered,data/raw/region-transitions/kommuner_2021_2025.json
2021,2025,municipality,3037,3242,renumbered,data/raw/region-transitions/kommuner_2021_2025.json
2021,2025,municipality,3038,3310,renumbered,data/raw/region-transitions/kommuner_2021_2025.json
2021,2025,municipality,3039,3320,renumbered,data/raw/region-transitions/kommuner_2021_2025.json
2021,2025,municipality,3040,3322,renumbered,data/raw/region-transitions/kommuner_2021_2025.json
2021,2025,municipality,3041,3324,renumbered,data/raw/region-transitions/kommuner_2021_2025.json
2021,2025,municipality,3042,3326,renumbered,data/raw/region-transitions/kommuner_2021_2025.json
2021,2025,municipality,3043,3328,renumbered,data/raw/region-transitions/kommuner_2021_2025.json
2021,2025,municipality,3044,3330,renumbered,data/raw/region-transitions/kommuner_2021_2025.json
2021,2025,municipality,3045,3332,renumbered,data/raw/region-transitions/kommuner_2021_2025.json
2021,2025,municipality,3046,3318,renumbered,data/raw/region-transitions/kommuner_2021_2025.json
2021,2025,municipality,3047,3316,renumbered,data/raw/region-transitions/kommuner_2021_2025.json
2021,2025,municipality,3048,3314,renumbered,data/raw/region-transitions/kommuner_2021_2025.json
2021,2025,municipality,3049,3312,renumbered,data/raw/region-transitions/kommuner_2021_2025.json
2021,2025,municipality,3050,3334,renumbered,data/raw/region-transitions/kommuner_2021_2025.json
2021,2025,municipality,3051,3336,renumbered,data/raw/region-transitions/kommuner_2021_2025.json
2021,2025,municipality,3052,3338,renumbered,data/raw/region-transitions/kommuner_2021_2025.json
2021,2025,municipality,3053,3236,renumbered,data/raw/region-transitions/kommuner_2021_2025.json
2021,2025,municipality,3054,3234,renumbered,data/raw/region-transitions/kommuner_2021_2025.json
2021,2025,municipality,3801,3901,renumbered,data/raw/region-transitions/kommuner_2021_2025.json
2021,2025,municipality,3802,3903,renumbered,data/raw/region-transitions/kommuner_2021_2025.json
2021,2025,municipality,3803,3905,renumbered,data/raw/region-transitions/kommuner_2021_2025.json
2021,2025,municipality,3804,3907,renumbered,data/raw/region-transitions/kommuner_2021_2025.json
2021,2025,municipality,3805,3909,renumbered,data/raw/region-transitions/kommuner_2021_2025.json
2021,2025,municipality,3806,4001,renumbered,data/raw/region-transitions/kommuner_2021_2025.json
2021,2025,municipality,3807,4003,renumbered,data/raw/region-transitions/kommuner_2021_2025.json
2021,2025,municipality,3808,4005,renumbered,data/raw/region-transitions/kommuner_2021_2025.json
2021,2025,municipality,3811,3911,renumbered,data/raw/region-transitions/kommuner_2021_2025.json
2021,2025,municipality,3812,4010,renumbered,data/raw/region-transitions/kommuner_2021_2025.json
2021,2025,municipality,3813,4012,renumbered,data/raw/region-transitions/kommuner_2021_2025.json
2021,2025,municipality,3814,4014,renumbered,data/raw/region-transitions/kommuner_2021_2025.json
2021,2025,municipality,3815,4016,renumbered,data/raw/region-transitions/kommuner_2021_2025.json
2021,2025,municipality,3816,4018,renumbered,data/raw/region-transitions/kommuner_2021_2025.json
2021,2025,municipality,3817,4020,renumbered,data/raw/region-transitions/kommuner_2021_2025.json
2021,2025,municipality,3818,4026,renumbered,data/raw/region-transitions/kommuner_2021_2025.json
2021,2025,municipality,3819,4024,renumbered,data/raw/region-transitions/kommuner_2021_2025.json
2021,2025,municipality,3820,4022,renumbered,data/raw/region-transitions/kommuner_2021_2025.json
2021,2025,municipality,3821,4028,renumbered,data/raw/region-transitions/kommuner_2021_2025.json
2021,2025,municipality,3822,4030,renumbered,data/raw/region-transitions/kommuner_2021_2025.json
2021,2025,municipality,3823,4032,renumbered,data/raw/region-transitions/kommuner_2021_2025.json
2021,2025,municipality,3824,4034,renumbered,data/raw/region-transitions/kommuner_2021_2025.json
2021,2025,municipality,3825,4036,renumbered,data/raw/region-transitions/kommuner_2021_2025.json
2021,2025,municipality,5401,5501,renumbered,data/raw/region-transitions/kommuner_2021_2025.json
2021,2025,municipality,5402,5503,renumbered,data/raw/region-transitions/kommuner_2021_2025.json
2021,2025,municipality,5403,5601,renumbered,data/raw/region-transitions/kommuner_2021_2025.json
2021,2025,municipality,5404,5634,renumbered,data/raw/region-transitions/kommuner_2021_2025.json
2021,2025,municipality,5405,5607,renumbered,data/raw/region-transitions/kommuner_2021_2025.json
2021,2025,municipality,5406,5603,renumbered,data/raw/region-transitions/kommuner_2021_2025.json
2021,2025,municipality,5411,5510,renumbered,data/raw/region-transitions/kommuner_2021_2025.json
2021,2025,municipality,5412,5512,renumbered,data/raw/region-transitions/kommuner_2021_2025.json
2021,2025,municipality,5413,5514,renumbered,data/raw/region-transitions/kommuner_2021_2025.json
2021,2025,municipality,5414,5516,renumbered,data/raw/region-transitions/kommuner_2021_2025.json
2021,2025,municipality,5415,5518,renumbered,data/raw/region-transitions/kommuner_2021_2025.json
2021,2025,municipality,5416,5520,renumbered,data/raw/region-transitions/kommuner_2021_2025.json
2021,2025,municipality,5417,5522,renumbered,data/raw/region-transitions/kommuner_2021_2025.json
2021,2025,municipality,5418,5524,renumbered,data/raw/region-transitions/kommuner_2021_2025.json
2021,2025,municipality,5419,5526,renumbered,data/raw/region-transitions/kommuner_2021_2025.json
2021,2025,municipality,5420,5528,renumbered,data/raw/region-transitions/kommuner_2021_2025.json
2021,2025,municipality,5421,5530,renumbered,data/raw/region-transitions/kommuner_2021_2025.json
2021,2025,municipality,5422,5532,renumbered,data/raw/region-transitions/kommuner_2021_2025.json
2021,2025,municipality,5423,5534,renumbered,data/raw/region-transitions/kommuner_2021_2025.json
2021,2025,municipality,5424,5536,renumbered,data/raw/region-transitions/kommuner_2021_2025.json
2021,2025,municipality,5425,5538,renumbered,data/raw/region-transitions/kommuner_2021_2025.json
2021,2025,municipality,5426,5540,renumbered,data/raw/region-transitions/kommuner_2021_2025.json
2021,2025,municipality,5427,5542,renumbered,data/raw/region-transitions/kommuner_2021_2025.json
2021,2025,municipality,5428,5544,renumbered,data/raw/region-transitions/kommuner_2021_2025.json
2021,2025,municipality,5429,5546,renumbered,data/raw/region-transitions/kommuner_2021_2025.json
2021,2025,municipality,5430,5612,renumbered,data/raw/region-transitions/kommuner_2021_2025.json
2021,2025,municipality,5432,5614,renumbered,data/raw/region-transitions/kommuner_2021_2025.json
2021,2025,municipality,5433,5616,renumbered,data/raw/region-transitions/kommuner_2021_2025.json
2021,2025,municipality,5434,5618,renumbered,data/raw/region-transitions/kommuner_2021_2025.json
2021,2025,municipality,5435,5620,renumbered,data/raw/region-transitions/kommuner_2021_2025.json
2021,2025,municipality,5436,5622,renumbered,data/raw/region-transitions/kommuner_2021_2025.json
2021,2025,municipality,5437,5610,renumbered,data/raw/region-transitions/kommuner_2021_2025.json
2021,2025,municipality,5438,5624,renumbered,data/raw/region-transitions/kommuner_2021_2025.json
2021,2025,municipality,5439,5626,renumbered,data/raw/region-transitions/kommuner_2021_2025.json
2021,2025,municipality,5440,5630,renumbered,data/raw/region-transitions/kommuner_2021_2025.json
2021,2025,municipality,5441,5628,renumbered,data/raw/region-transitions/kommuner_2021_2025.json
2021,2025,municipality,5442,5636,renumbered,data/raw/region-transitions/kommuner_2021_2025.json
2021,2025,municipality,5443,5632,renumbered,data/raw/region-transitions/kommuner_2021_2025.json
2021,2025,municipality,5444,5605,renumbered,data/raw/region-transitions/kommuner_2021_2025.json
